,Adults,Children,LeadDays,LengthOfStay,ArrivalDateWeekDay,cluster
0,1,0,0,1,Sunday,Transient
1,1,0,0,1,Monday,Transient
2,1,0,0,1,Tuesday,Transient
3,1,0,0,1,Wednesday,Transient
4,1,0,0,1,Thursday,Transient
5,1,0,0,1,Friday,Transient
6,1,0,0,1,Saturday,Transient
7,1,0,0,1,Sunday,Transient
8,1,0,0,1,Monday,Transient
9,1,0,0,1,Tuesday,Transient
10,1,0,0,1,Wednesday,Transient
11,1,0,0,1,Thursday,Transient
12,1,0,0,1,Friday,Transient
13,1,0,0,1,Saturday,Transient
14,1,0,0,1,Sunday,Transient
15,1,0,0,1,Monday,Transient
16,1,0,0,1,Tuesday,Transient
17,1,0,0,1,Wednesday,Transient
18,1,0,0,1,Thursday,Transient
19,1,0,0,1,Friday,Transient
20,1,0,0,1,Saturday,Transient
21,1,0,0,1,Sunday,Transient
22,1,0,0,1,Monday,Transient
23,1,0,0,1,Tuesday,Transient
24,1,0,0,1,Wednesday,Transient
25,1,0,0,1,Thursday,Transient
26,1,0,0,1,Friday,Transient
27,1,0,0,1,Saturday,Transient
28,1,2000,0,1,Sunday,Transient
29,1,2000,0,1,Monday,Transient
30,1,2000,0,1,Tuesday,Transient
31,1,2000,0,1,Wednesday,Transient
32,1,2000,0,1,Thursday,Transient
33,1,2000,0,1,Friday,Transient
34,1,2000,0,1,Saturday,Transient
35,1,2000,0,1,Sunday,Transient
36,1,2000,0,1,Monday,Transient
37,1,2000,0,1,Tuesday,Transient
38,1,2000,0,1,Wednesday,Transient
39,1,2000,0,1,Thursday,Transient
40,1,2000,0,1,Friday,Transient
41,1,2000,0,1,Saturday,Transient
42,1,2000,0,1,Sunday,Transient
43,1,2000,0,1,Monday,Transient
44,1,2000,0,1,Tuesday,Transient
45,1,2000,0,1,Wednesday,Transient
46,1,2000,0,1,Thursday,Transient
47,1,2000,0,1,Friday,Transient
48,1,2000,0,1,Saturday,Transient
49,1,2000,0,1,Sunday,Transient
50,1,2000,0,1,Monday,Transient
51,1,2000,0,1,Tuesday,Transient
52,1,2000,0,1,Wednesday,Transient
53,1,2000,0,1,Thursday,Transient
54,1,2000,0,1,Friday,Transient
55,1,2000,0,1,Saturday,Transient
56,2000,0,0,1,Sunday,Transient
57,2000,0,0,1,Monday,Transient
58,2000,0,0,1,Tuesday,Transient
59,2000,0,0,1,Wednesday,Transient
60,2000,0,0,1,Thursday,Transient
61,2000,0,0,1,Friday,Transient
62,2000,0,0,1,Saturday,Transient
63,2000,0,0,1,Sunday,Transient
64,2000,0,0,1,Monday,Transient
65,2000,0,0,1,Tuesday,Transient
66,2000,0,0,1,Wednesday,Transient
67,2000,0,0,1,Thursday,Transient
68,2000,0,0,1,Friday,Transient
69,2000,0,0,1,Saturday,Transient
70,2000,0,0,1,Sunday,Transient
71,2000,0,0,1,Monday,Transient
72,2000,0,0,1,Tuesday,Transient
73,2000,0,0,1,Wednesday,Transient
74,2000,0,0,1,Thursday,Transient
75,2000,0,0,1,Friday,Transient
76,2000,0,0,1,Saturday,Transient
77,2000,0,0,1,Sunday,Transient
78,2000,0,0,1,Monday,Transient
79,2000,0,0,1,Tuesday,Transient
80,2000,0,0,1,Wednesday,Transient
81,2000,0,0,1,Thursday,Transient
82,2000,0,0,1,Friday,Transient
83,2000,0,0,1,Saturday,Transient
84,2000,2000,0,1,Sunday,Transient
85,2000,2000,0,1,Monday,Transient
86,2000,2000,0,1,Tuesday,Transient
87,2000,2000,0,1,Wednesday,Transient
88,2000,2000,0,1,Thursday,Transient
89,2000,2000,0,1,Friday,Transient
90,2000,2000,0,1,Saturday,Transient
91,2000,2000,0,1,Sunday,Transient
92,2000,2000,0,1,Monday,Transient
93,2000,2000,0,1,Tuesday,Transient
94,2000,2000,0,1,Wednesday,Transient
95,2000,2000,0,1,Thursday,Transient
96,2000,2000,0,1,Friday,Transient
97,2000,2000,0,1,Saturday,Transient
98,2000,2000,0,1,Sunday,Transient
99,2000,2000,0,1,Monday,Transient
100,2000,2000,0,1,Tuesday,Transient
101,2000,2000,0,1,Wednesday,Transient
102,2000,2000,0,1,Thursday,Transient
103,2000,2000,0,1,Friday,Transient
104,2000,2000,0,1,Saturday,Transient
105,2000,2000,0,1,Sunday,Transient
106,2000,2000,0,1,Monday,Transient
107,2000,2000,0,1,Tuesday,Transient
108,2000,2000,0,1,Wednesday,Transient
109,2000,2000,0,1,Thursday,Transient
110,2000,2000,0,1,Friday,Transient
111,2000,2000,0,1,Saturday,Transient
112,1,0,0,8,Sunday,GeneralLongStay
113,1,0,0,8,Monday,GeneralLongStay
114,1,0,0,8,Tuesday,GeneralLongStay
115,1,0,0,8,Wednesday,GeneralLongStay
116,1,0,0,8,Thursday,GeneralLongStay
117,1,0,0,8,Friday,GeneralLongStay
118,1,0,0,8,Saturday,GeneralLongStay
119,1,0,0,400,Sunday,GeneralLongStay
120,1,0,0,400,Monday,GeneralLongStay
121,1,0,0,400,Tuesday,GeneralLongStay
122,1,0,0,400,Wednesday,GeneralLongStay
123,1,0,0,400,Thursday,GeneralLongStay
124,1,0,0,400,Friday,GeneralLongStay
125,1,0,0,400,Saturday,GeneralLongStay
126,1,0,400,8,Sunday,GeneralLongStay
127,1,0,400,8,Monday,GeneralLongStay
128,1,0,400,8,Tuesday,GeneralLongStay
129,1,0,400,8,Wednesday,GeneralLongStay
130,1,0,400,8,Thursday,GeneralLongStay
131,1,0,400,8,Friday,GeneralLongStay
132,1,0,400,8,Saturday,GeneralLongStay
133,1,0,400,400,Sunday,GeneralLongStay
134,1,0,400,400,Monday,GeneralLongStay
135,1,0,400,400,Tuesday,GeneralLongStay
136,1,0,400,400,Wednesday,GeneralLongStay
137,1,0,400,400,Thursday,GeneralLongStay
138,1,0,400,400,Friday,GeneralLongStay
139,1,0,400,400,Saturday,GeneralLongStay
140,1,2000,0,8,Sunday,GeneralLongStay
141,1,2000,0,8,Monday,GeneralLongStay
142,1,2000,0,8,Tuesday,GeneralLongStay
143,1,2000,0,8,Wednesday,GeneralLongStay
144,1,2000,0,8,Thursday,GeneralLongStay
145,1,2000,0,8,Friday,GeneralLongStay
146,1,2000,0,8,Saturday,GeneralLongStay
147,1,2000,0,400,Sunday,GeneralLongStay
148,1,2000,0,400,Monday,GeneralLongStay
149,1,2000,0,400,Tuesday,GeneralLongStay
150,1,2000,0,400,Wednesday,GeneralLongStay
151,1,2000,0,400,Thursday,GeneralLongStay
152,1,2000,0,400,Friday,GeneralLongStay
153,1,2000,0,400,Saturday,GeneralLongStay
154,1,2000,400,8,Sunday,GeneralLongStay
155,1,2000,400,8,Monday,GeneralLongStay
156,1,2000,400,8,Tuesday,GeneralLongStay
157,1,2000,400,8,Wednesday,GeneralLongStay
158,1,2000,400,8,Thursday,GeneralLongStay
159,1,2000,400,8,Friday,GeneralLongStay
160,1,2000,400,8,Saturday,GeneralLongStay
161,1,2000,400,400,Sunday,GeneralLongStay
162,1,2000,400,400,Monday,GeneralLongStay
163,1,2000,400,400,Tuesday,GeneralLongStay
164,1,2000,400,400,Wednesday,GeneralLongStay
165,1,2000,400,400,Thursday,GeneralLongStay
166,1,2000,400,400,Friday,GeneralLongStay
167,1,2000,400,400,Saturday,GeneralLongStay
168,2000,0,0,8,Sunday,GeneralLongStay
169,2000,0,0,8,Monday,GeneralLongStay
170,2000,0,0,8,Tuesday,GeneralLongStay
171,2000,0,0,8,Wednesday,GeneralLongStay
172,2000,0,0,8,Thursday,GeneralLongStay
173,2000,0,0,8,Friday,GeneralLongStay
174,2000,0,0,8,Saturday,GeneralLongStay
175,2000,0,0,400,Sunday,GeneralLongStay
176,2000,0,0,400,Monday,GeneralLongStay
177,2000,0,0,400,Tuesday,GeneralLongStay
178,2000,0,0,400,Wednesday,GeneralLongStay
179,2000,0,0,400,Thursday,GeneralLongStay
180,2000,0,0,400,Friday,GeneralLongStay
181,2000,0,0,400,Saturday,GeneralLongStay
182,2000,0,400,8,Sunday,GeneralLongStay
183,2000,0,400,8,Monday,GeneralLongStay
184,2000,0,400,8,Tuesday,GeneralLongStay
185,2000,0,400,8,Wednesday,GeneralLongStay
186,2000,0,400,8,Thursday,GeneralLongStay
187,2000,0,400,8,Friday,GeneralLongStay
188,2000,0,400,8,Saturday,GeneralLongStay
189,2000,0,400,400,Sunday,GeneralLongStay
190,2000,0,400,400,Monday,GeneralLongStay
191,2000,0,400,400,Tuesday,GeneralLongStay
192,2000,0,400,400,Wednesday,GeneralLongStay
193,2000,0,400,400,Thursday,GeneralLongStay
194,2000,0,400,400,Friday,GeneralLongStay
195,2000,0,400,400,Saturday,GeneralLongStay
196,2000,2000,0,8,Sunday,GeneralLongStay
197,2000,2000,0,8,Monday,GeneralLongStay
198,2000,2000,0,8,Tuesday,GeneralLongStay
199,2000,2000,0,8,Wednesday,GeneralLongStay
200,2000,2000,0,8,Thursday,GeneralLongStay
201,2000,2000,0,8,Friday,GeneralLongStay
202,2000,2000,0,8,Saturday,GeneralLongStay
203,2000,2000,0,400,Sunday,GeneralLongStay
204,2000,2000,0,400,Monday,GeneralLongStay
205,2000,2000,0,400,Tuesday,GeneralLongStay
206,2000,2000,0,400,Wednesday,GeneralLongStay
207,2000,2000,0,400,Thursday,GeneralLongStay
208,2000,2000,0,400,Friday,GeneralLongStay
209,2000,2000,0,400,Saturday,GeneralLongStay
210,2000,2000,400,8,Sunday,GeneralLongStay
211,2000,2000,400,8,Monday,GeneralLongStay
212,2000,2000,400,8,Tuesday,GeneralLongStay
213,2000,2000,400,8,Wednesday,GeneralLongStay
214,2000,2000,400,8,Thursday,GeneralLongStay
215,2000,2000,400,8,Friday,GeneralLongStay
216,2000,2000,400,8,Saturday,GeneralLongStay
217,2000,2000,400,400,Sunday,GeneralLongStay
218,2000,2000,400,400,Monday,GeneralLongStay
219,2000,2000,400,400,Tuesday,GeneralLongStay
220,2000,2000,400,400,Wednesday,GeneralLongStay
221,2000,2000,400,400,Thursday,GeneralLongStay
222,2000,2000,400,400,Friday,GeneralLongStay
223,2000,2000,400,400,Saturday,GeneralLongStay
224,2,0,2,1,Friday,LeisureCoupleGetaway
225,2,0,2,1,Saturday,LeisureCoupleGetaway
226,2,0,2,2,Friday,LeisureCoupleGetaway
227,2,0,2,2,Saturday,LeisureCoupleGetaway
228,2,0,400,1,Friday,LeisureCoupleGetaway
229,2,0,400,1,Saturday,LeisureCoupleGetaway
230,2,0,400,2,Friday,LeisureCoupleGetaway
231,2,0,400,2,Saturday,LeisureCoupleGetaway
232,2,0,2,1,Friday,LeisureCoupleGetaway
233,2,0,2,1,Saturday,LeisureCoupleGetaway
234,2,0,2,2,Friday,LeisureCoupleGetaway
235,2,0,2,2,Saturday,LeisureCoupleGetaway
236,2,0,400,1,Friday,LeisureCoupleGetaway
237,2,0,400,1,Saturday,LeisureCoupleGetaway
238,2,0,400,2,Friday,LeisureCoupleGetaway
239,2,0,400,2,Saturday,LeisureCoupleGetaway
240,2,0,2,1,Friday,LeisureCoupleGetaway
241,2,0,2,1,Saturday,LeisureCoupleGetaway
242,2,0,2,2,Friday,LeisureCoupleGetaway
243,2,0,2,2,Saturday,LeisureCoupleGetaway
244,2,0,400,1,Friday,LeisureCoupleGetaway
245,2,0,400,1,Saturday,LeisureCoupleGetaway
246,2,0,400,2,Friday,LeisureCoupleGetaway
247,2,0,400,2,Saturday,LeisureCoupleGetaway
248,2,0,2,1,Friday,LeisureCoupleGetaway
249,2,0,2,1,Saturday,LeisureCoupleGetaway
250,2,0,2,2,Friday,LeisureCoupleGetaway
251,2,0,2,2,Saturday,LeisureCoupleGetaway
252,2,0,400,1,Friday,LeisureCoupleGetaway
253,2,0,400,1,Saturday,LeisureCoupleGetaway
254,2,0,400,2,Friday,LeisureCoupleGetaway
255,2,0,400,2,Saturday,LeisureCoupleGetaway
256,2,0,0,2,Friday,SuddenLeisureCoupleGetaway
257,2,0,0,2,Saturday,SuddenLeisureCoupleGetaway
258,2,0,0,2,Friday,SuddenLeisureCoupleGetaway
259,2,0,0,2,Saturday,SuddenLeisureCoupleGetaway
260,2,0,0,2,Friday,SuddenLeisureCoupleGetaway
261,2,0,0,2,Saturday,SuddenLeisureCoupleGetaway
262,2,0,0,2,Friday,SuddenLeisureCoupleGetaway
263,2,0,0,2,Saturday,SuddenLeisureCoupleGetaway
264,2,0,0,2,Friday,SuddenLeisureCoupleGetaway
265,2,0,0,2,Saturday,SuddenLeisureCoupleGetaway
266,2,0,0,2,Friday,SuddenLeisureCoupleGetaway
267,2,0,0,2,Saturday,SuddenLeisureCoupleGetaway
268,2,0,0,2,Friday,SuddenLeisureCoupleGetaway
269,2,0,0,2,Saturday,SuddenLeisureCoupleGetaway
270,2,0,0,2,Friday,SuddenLeisureCoupleGetaway
271,2,0,0,2,Saturday,SuddenLeisureCoupleGetaway
272,2,0,0,2,Friday,SuddenLeisureCoupleGetaway
273,2,0,0,2,Saturday,SuddenLeisureCoupleGetaway
274,2,0,0,2,Friday,SuddenLeisureCoupleGetaway
275,2,0,0,2,Saturday,SuddenLeisureCoupleGetaway
276,2,0,0,2,Friday,SuddenLeisureCoupleGetaway
277,2,0,0,2,Saturday,SuddenLeisureCoupleGetaway
278,2,0,0,2,Friday,SuddenLeisureCoupleGetaway
279,2,0,0,2,Saturday,SuddenLeisureCoupleGetaway
280,2,0,0,2,Friday,SuddenLeisureCoupleGetaway
281,2,0,0,2,Saturday,SuddenLeisureCoupleGetaway
282,2,0,0,2,Friday,SuddenLeisureCoupleGetaway
283,2,0,0,2,Saturday,SuddenLeisureCoupleGetaway
284,2,0,0,2,Friday,SuddenLeisureCoupleGetaway
285,2,0,0,2,Saturday,SuddenLeisureCoupleGetaway
286,2,0,0,2,Friday,SuddenLeisureCoupleGetaway
287,2,0,0,2,Saturday,SuddenLeisureCoupleGetaway
288,2,0,1,1,Friday,SuddenLeisureCoupleGetaway
289,2,0,1,1,Saturday,SuddenLeisureCoupleGetaway
290,2,0,1,2,Friday,SuddenLeisureCoupleGetaway
291,2,0,1,2,Saturday,SuddenLeisureCoupleGetaway
292,2,0,1,1,Friday,SuddenLeisureCoupleGetaway
293,2,0,1,1,Saturday,SuddenLeisureCoupleGetaway
294,2,0,1,2,Friday,SuddenLeisureCoupleGetaway
295,2,0,1,2,Saturday,SuddenLeisureCoupleGetaway
296,2,0,1,1,Friday,SuddenLeisureCoupleGetaway
297,2,0,1,1,Saturday,SuddenLeisureCoupleGetaway
298,2,0,1,2,Friday,SuddenLeisureCoupleGetaway
299,2,0,1,2,Saturday,SuddenLeisureCoupleGetaway
300,2,0,1,1,Friday,SuddenLeisureCoupleGetaway
301,2,0,1,1,Saturday,SuddenLeisureCoupleGetaway
302,2,0,1,2,Friday,SuddenLeisureCoupleGetaway
303,2,0,1,2,Saturday,SuddenLeisureCoupleGetaway
304,2,0,1,1,Friday,SuddenLeisureCoupleGetaway
305,2,0,1,1,Saturday,SuddenLeisureCoupleGetaway
306,2,0,1,2,Friday,SuddenLeisureCoupleGetaway
307,2,0,1,2,Saturday,SuddenLeisureCoupleGetaway
308,2,0,1,1,Friday,SuddenLeisureCoupleGetaway
309,2,0,1,1,Saturday,SuddenLeisureCoupleGetaway
310,2,0,1,2,Friday,SuddenLeisureCoupleGetaway
311,2,0,1,2,Saturday,SuddenLeisureCoupleGetaway
312,2,0,1,1,Friday,SuddenLeisureCoupleGetaway
313,2,0,1,1,Saturday,SuddenLeisureCoupleGetaway
314,2,0,1,2,Friday,SuddenLeisureCoupleGetaway
315,2,0,1,2,Saturday,SuddenLeisureCoupleGetaway
316,2,0,1,1,Friday,SuddenLeisureCoupleGetaway
317,2,0,1,1,Saturday,SuddenLeisureCoupleGetaway
318,2,0,1,2,Friday,SuddenLeisureCoupleGetaway
319,2,0,1,2,Saturday,SuddenLeisureCoupleGetaway
320,2,0,1,1,Sunday,MidWeekCoupleGetaway
321,2,0,1,1,Monday,MidWeekCoupleGetaway
322,2,0,1,1,Tuesday,MidWeekCoupleGetaway
323,2,0,1,1,Wednesday,MidWeekCoupleGetaway
324,2,0,1,1,Thursday,MidWeekCoupleGetaway
325,2,0,1,2,Sunday,MidWeekCoupleGetaway
326,2,0,1,2,Monday,MidWeekCoupleGetaway
327,2,0,1,2,Tuesday,MidWeekCoupleGetaway
328,2,0,1,2,Wednesday,MidWeekCoupleGetaway
329,2,0,1,2,Thursday,MidWeekCoupleGetaway
330,2,0,400,1,Sunday,MidWeekCoupleGetaway
331,2,0,400,1,Monday,MidWeekCoupleGetaway
332,2,0,400,1,Tuesday,MidWeekCoupleGetaway
333,2,0,400,1,Wednesday,MidWeekCoupleGetaway
334,2,0,400,1,Thursday,MidWeekCoupleGetaway
335,2,0,400,2,Sunday,MidWeekCoupleGetaway
336,2,0,400,2,Monday,MidWeekCoupleGetaway
337,2,0,400,2,Tuesday,MidWeekCoupleGetaway
338,2,0,400,2,Wednesday,MidWeekCoupleGetaway
339,2,0,400,2,Thursday,MidWeekCoupleGetaway
340,2,0,1,1,Sunday,MidWeekCoupleGetaway
341,2,0,1,1,Monday,MidWeekCoupleGetaway
342,2,0,1,1,Tuesday,MidWeekCoupleGetaway
343,2,0,1,1,Wednesday,MidWeekCoupleGetaway
344,2,0,1,1,Thursday,MidWeekCoupleGetaway
345,2,0,1,2,Sunday,MidWeekCoupleGetaway
346,2,0,1,2,Monday,MidWeekCoupleGetaway
347,2,0,1,2,Tuesday,MidWeekCoupleGetaway
348,2,0,1,2,Wednesday,MidWeekCoupleGetaway
349,2,0,1,2,Thursday,MidWeekCoupleGetaway
350,2,0,400,1,Sunday,MidWeekCoupleGetaway
351,2,0,400,1,Monday,MidWeekCoupleGetaway
352,2,0,400,1,Tuesday,MidWeekCoupleGetaway
353,2,0,400,1,Wednesday,MidWeekCoupleGetaway
354,2,0,400,1,Thursday,MidWeekCoupleGetaway
355,2,0,400,2,Sunday,MidWeekCoupleGetaway
356,2,0,400,2,Monday,MidWeekCoupleGetaway
357,2,0,400,2,Tuesday,MidWeekCoupleGetaway
358,2,0,400,2,Wednesday,MidWeekCoupleGetaway
359,2,0,400,2,Thursday,MidWeekCoupleGetaway
360,2,0,1,1,Sunday,MidWeekCoupleGetaway
361,2,0,1,1,Monday,MidWeekCoupleGetaway
362,2,0,1,1,Tuesday,MidWeekCoupleGetaway
363,2,0,1,1,Wednesday,MidWeekCoupleGetaway
364,2,0,1,1,Thursday,MidWeekCoupleGetaway
365,2,0,1,2,Sunday,MidWeekCoupleGetaway
366,2,0,1,2,Monday,MidWeekCoupleGetaway
367,2,0,1,2,Tuesday,MidWeekCoupleGetaway
368,2,0,1,2,Wednesday,MidWeekCoupleGetaway
369,2,0,1,2,Thursday,MidWeekCoupleGetaway
370,2,0,400,1,Sunday,MidWeekCoupleGetaway
371,2,0,400,1,Monday,MidWeekCoupleGetaway
372,2,0,400,1,Tuesday,MidWeekCoupleGetaway
373,2,0,400,1,Wednesday,MidWeekCoupleGetaway
374,2,0,400,1,Thursday,MidWeekCoupleGetaway
375,2,0,400,2,Sunday,MidWeekCoupleGetaway
376,2,0,400,2,Monday,MidWeekCoupleGetaway
377,2,0,400,2,Tuesday,MidWeekCoupleGetaway
378,2,0,400,2,Wednesday,MidWeekCoupleGetaway
379,2,0,400,2,Thursday,MidWeekCoupleGetaway
380,2,0,1,1,Sunday,MidWeekCoupleGetaway
381,2,0,1,1,Monday,MidWeekCoupleGetaway
382,2,0,1,1,Tuesday,MidWeekCoupleGetaway
383,2,0,1,1,Wednesday,MidWeekCoupleGetaway
384,2,0,1,1,Thursday,MidWeekCoupleGetaway
385,2,0,1,2,Sunday,MidWeekCoupleGetaway
386,2,0,1,2,Monday,MidWeekCoupleGetaway
387,2,0,1,2,Tuesday,MidWeekCoupleGetaway
388,2,0,1,2,Wednesday,MidWeekCoupleGetaway
389,2,0,1,2,Thursday,MidWeekCoupleGetaway
390,2,0,400,1,Sunday,MidWeekCoupleGetaway
391,2,0,400,1,Monday,MidWeekCoupleGetaway
392,2,0,400,1,Tuesday,MidWeekCoupleGetaway
393,2,0,400,1,Wednesday,MidWeekCoupleGetaway
394,2,0,400,1,Thursday,MidWeekCoupleGetaway
395,2,0,400,2,Sunday,MidWeekCoupleGetaway
396,2,0,400,2,Monday,MidWeekCoupleGetaway
397,2,0,400,2,Tuesday,MidWeekCoupleGetaway
398,2,0,400,2,Wednesday,MidWeekCoupleGetaway
399,2,0,400,2,Thursday,MidWeekCoupleGetaway
400,2,0,0,2,Sunday,MidWeekCoupleGetaway
401,2,0,0,2,Monday,MidWeekCoupleGetaway
402,2,0,0,2,Tuesday,MidWeekCoupleGetaway
403,2,0,0,2,Wednesday,MidWeekCoupleGetaway
404,2,0,0,2,Thursday,MidWeekCoupleGetaway
405,2,0,0,2,Sunday,MidWeekCoupleGetaway
406,2,0,0,2,Monday,MidWeekCoupleGetaway
407,2,0,0,2,Tuesday,MidWeekCoupleGetaway
408,2,0,0,2,Wednesday,MidWeekCoupleGetaway
409,2,0,0,2,Thursday,MidWeekCoupleGetaway
410,2,0,0,2,Sunday,MidWeekCoupleGetaway
411,2,0,0,2,Monday,MidWeekCoupleGetaway
412,2,0,0,2,Tuesday,MidWeekCoupleGetaway
413,2,0,0,2,Wednesday,MidWeekCoupleGetaway
414,2,0,0,2,Thursday,MidWeekCoupleGetaway
415,2,0,0,2,Sunday,MidWeekCoupleGetaway
416,2,0,0,2,Monday,MidWeekCoupleGetaway
417,2,0,0,2,Tuesday,MidWeekCoupleGetaway
418,2,0,0,2,Wednesday,MidWeekCoupleGetaway
419,2,0,0,2,Thursday,MidWeekCoupleGetaway
420,2,0,0,2,Sunday,MidWeekCoupleGetaway
421,2,0,0,2,Monday,MidWeekCoupleGetaway
422,2,0,0,2,Tuesday,MidWeekCoupleGetaway
423,2,0,0,2,Wednesday,MidWeekCoupleGetaway
424,2,0,0,2,Thursday,MidWeekCoupleGetaway
425,2,0,0,2,Sunday,MidWeekCoupleGetaway
426,2,0,0,2,Monday,MidWeekCoupleGetaway
427,2,0,0,2,Tuesday,MidWeekCoupleGetaway
428,2,0,0,2,Wednesday,MidWeekCoupleGetaway
429,2,0,0,2,Thursday,MidWeekCoupleGetaway
430,2,0,0,2,Sunday,MidWeekCoupleGetaway
431,2,0,0,2,Monday,MidWeekCoupleGetaway
432,2,0,0,2,Tuesday,MidWeekCoupleGetaway
433,2,0,0,2,Wednesday,MidWeekCoupleGetaway
434,2,0,0,2,Thursday,MidWeekCoupleGetaway
435,2,0,0,2,Sunday,MidWeekCoupleGetaway
436,2,0,0,2,Monday,MidWeekCoupleGetaway
437,2,0,0,2,Tuesday,MidWeekCoupleGetaway
438,2,0,0,2,Wednesday,MidWeekCoupleGetaway
439,2,0,0,2,Thursday,MidWeekCoupleGetaway
440,2,0,0,2,Sunday,MidWeekCoupleGetaway
441,2,0,0,2,Monday,MidWeekCoupleGetaway
442,2,0,0,2,Tuesday,MidWeekCoupleGetaway
443,2,0,0,2,Wednesday,MidWeekCoupleGetaway
444,2,0,0,2,Thursday,MidWeekCoupleGetaway
445,2,0,0,2,Sunday,MidWeekCoupleGetaway
446,2,0,0,2,Monday,MidWeekCoupleGetaway
447,2,0,0,2,Tuesday,MidWeekCoupleGetaway
448,2,0,0,2,Wednesday,MidWeekCoupleGetaway
449,2,0,0,2,Thursday,MidWeekCoupleGetaway
450,2,0,0,2,Sunday,MidWeekCoupleGetaway
451,2,0,0,2,Monday,MidWeekCoupleGetaway
452,2,0,0,2,Tuesday,MidWeekCoupleGetaway
453,2,0,0,2,Wednesday,MidWeekCoupleGetaway
454,2,0,0,2,Thursday,MidWeekCoupleGetaway
455,2,0,0,2,Sunday,MidWeekCoupleGetaway
456,2,0,0,2,Monday,MidWeekCoupleGetaway
457,2,0,0,2,Tuesday,MidWeekCoupleGetaway
458,2,0,0,2,Wednesday,MidWeekCoupleGetaway
459,2,0,0,2,Thursday,MidWeekCoupleGetaway
460,2,0,0,2,Sunday,MidWeekCoupleGetaway
461,2,0,0,2,Monday,MidWeekCoupleGetaway
462,2,0,0,2,Tuesday,MidWeekCoupleGetaway
463,2,0,0,2,Wednesday,MidWeekCoupleGetaway
464,2,0,0,2,Thursday,MidWeekCoupleGetaway
465,2,0,0,2,Sunday,MidWeekCoupleGetaway
466,2,0,0,2,Monday,MidWeekCoupleGetaway
467,2,0,0,2,Tuesday,MidWeekCoupleGetaway
468,2,0,0,2,Wednesday,MidWeekCoupleGetaway
469,2,0,0,2,Thursday,MidWeekCoupleGetaway
470,2,0,0,2,Sunday,MidWeekCoupleGetaway
471,2,0,0,2,Monday,MidWeekCoupleGetaway
472,2,0,0,2,Tuesday,MidWeekCoupleGetaway
473,2,0,0,2,Wednesday,MidWeekCoupleGetaway
474,2,0,0,2,Thursday,MidWeekCoupleGetaway
475,2,0,0,2,Sunday,MidWeekCoupleGetaway
476,2,0,0,2,Monday,MidWeekCoupleGetaway
477,2,0,0,2,Tuesday,MidWeekCoupleGetaway
478,2,0,0,2,Wednesday,MidWeekCoupleGetaway
479,2,0,0,2,Thursday,MidWeekCoupleGetaway
480,2,0,7,3,Friday,LeisureCoupleVacation
481,2,0,7,3,Saturday,LeisureCoupleVacation
482,2,0,7,7,Friday,LeisureCoupleVacation
483,2,0,7,7,Saturday,LeisureCoupleVacation
484,2,0,400,3,Friday,LeisureCoupleVacation
485,2,0,400,3,Saturday,LeisureCoupleVacation
486,2,0,400,7,Friday,LeisureCoupleVacation
487,2,0,400,7,Saturday,LeisureCoupleVacation
488,2,0,7,3,Friday,LeisureCoupleVacation
489,2,0,7,3,Saturday,LeisureCoupleVacation
490,2,0,7,7,Friday,LeisureCoupleVacation
491,2,0,7,7,Saturday,LeisureCoupleVacation
492,2,0,400,3,Friday,LeisureCoupleVacation
493,2,0,400,3,Saturday,LeisureCoupleVacation
494,2,0,400,7,Friday,LeisureCoupleVacation
495,2,0,400,7,Saturday,LeisureCoupleVacation
496,2,0,7,3,Friday,LeisureCoupleVacation
497,2,0,7,3,Saturday,LeisureCoupleVacation
498,2,0,7,7,Friday,LeisureCoupleVacation
499,2,0,7,7,Saturday,LeisureCoupleVacation
500,2,0,400,3,Friday,LeisureCoupleVacation
501,2,0,400,3,Saturday,LeisureCoupleVacation
502,2,0,400,7,Friday,LeisureCoupleVacation
503,2,0,400,7,Saturday,LeisureCoupleVacation
504,2,0,7,3,Friday,LeisureCoupleVacation
505,2,0,7,3,Saturday,LeisureCoupleVacation
506,2,0,7,7,Friday,LeisureCoupleVacation
507,2,0,7,7,Saturday,LeisureCoupleVacation
508,2,0,400,3,Friday,LeisureCoupleVacation
509,2,0,400,3,Saturday,LeisureCoupleVacation
510,2,0,400,7,Friday,LeisureCoupleVacation
511,2,0,400,7,Saturday,LeisureCoupleVacation
512,2,0,0,3,Friday,SuddenLeisureCoupleVacation
513,2,0,0,3,Saturday,SuddenLeisureCoupleVacation
514,2,0,0,7,Friday,SuddenLeisureCoupleVacation
515,2,0,0,7,Saturday,SuddenLeisureCoupleVacation
516,2,0,6,3,Friday,SuddenLeisureCoupleVacation
517,2,0,6,3,Saturday,SuddenLeisureCoupleVacation
518,2,0,6,7,Friday,SuddenLeisureCoupleVacation
519,2,0,6,7,Saturday,SuddenLeisureCoupleVacation
520,2,0,0,3,Friday,SuddenLeisureCoupleVacation
521,2,0,0,3,Saturday,SuddenLeisureCoupleVacation
522,2,0,0,7,Friday,SuddenLeisureCoupleVacation
523,2,0,0,7,Saturday,SuddenLeisureCoupleVacation
524,2,0,6,3,Friday,SuddenLeisureCoupleVacation
525,2,0,6,3,Saturday,SuddenLeisureCoupleVacation
526,2,0,6,7,Friday,SuddenLeisureCoupleVacation
527,2,0,6,7,Saturday,SuddenLeisureCoupleVacation
528,2,0,0,3,Friday,SuddenLeisureCoupleVacation
529,2,0,0,3,Saturday,SuddenLeisureCoupleVacation
530,2,0,0,7,Friday,SuddenLeisureCoupleVacation
531,2,0,0,7,Saturday,SuddenLeisureCoupleVacation
532,2,0,6,3,Friday,SuddenLeisureCoupleVacation
533,2,0,6,3,Saturday,SuddenLeisureCoupleVacation
534,2,0,6,7,Friday,SuddenLeisureCoupleVacation
535,2,0,6,7,Saturday,SuddenLeisureCoupleVacation
536,2,0,0,3,Friday,SuddenLeisureCoupleVacation
537,2,0,0,3,Saturday,SuddenLeisureCoupleVacation
538,2,0,0,7,Friday,SuddenLeisureCoupleVacation
539,2,0,0,7,Saturday,SuddenLeisureCoupleVacation
540,2,0,6,3,Friday,SuddenLeisureCoupleVacation
541,2,0,6,3,Saturday,SuddenLeisureCoupleVacation
542,2,0,6,7,Friday,SuddenLeisureCoupleVacation
543,2,0,6,7,Saturday,SuddenLeisureCoupleVacation
544,2,0,0,3,Sunday,MidWeekLeisureCoupleVacation
545,2,0,0,3,Monday,MidWeekLeisureCoupleVacation
546,2,0,0,3,Tuesday,MidWeekLeisureCoupleVacation
547,2,0,0,3,Wednesday,MidWeekLeisureCoupleVacation
548,2,0,0,3,Thursday,MidWeekLeisureCoupleVacation
549,2,0,0,7,Sunday,MidWeekLeisureCoupleVacation
550,2,0,0,7,Monday,MidWeekLeisureCoupleVacation
551,2,0,0,7,Tuesday,MidWeekLeisureCoupleVacation
552,2,0,0,7,Wednesday,MidWeekLeisureCoupleVacation
553,2,0,0,7,Thursday,MidWeekLeisureCoupleVacation
554,2,0,400,3,Sunday,MidWeekLeisureCoupleVacation
555,2,0,400,3,Monday,MidWeekLeisureCoupleVacation
556,2,0,400,3,Tuesday,MidWeekLeisureCoupleVacation
557,2,0,400,3,Wednesday,MidWeekLeisureCoupleVacation
558,2,0,400,3,Thursday,MidWeekLeisureCoupleVacation
559,2,0,400,7,Sunday,MidWeekLeisureCoupleVacation
560,2,0,400,7,Monday,MidWeekLeisureCoupleVacation
561,2,0,400,7,Tuesday,MidWeekLeisureCoupleVacation
562,2,0,400,7,Wednesday,MidWeekLeisureCoupleVacation
563,2,0,400,7,Thursday,MidWeekLeisureCoupleVacation
564,2,0,0,3,Sunday,MidWeekLeisureCoupleVacation
565,2,0,0,3,Monday,MidWeekLeisureCoupleVacation
566,2,0,0,3,Tuesday,MidWeekLeisureCoupleVacation
567,2,0,0,3,Wednesday,MidWeekLeisureCoupleVacation
568,2,0,0,3,Thursday,MidWeekLeisureCoupleVacation
569,2,0,0,7,Sunday,MidWeekLeisureCoupleVacation
570,2,0,0,7,Monday,MidWeekLeisureCoupleVacation
571,2,0,0,7,Tuesday,MidWeekLeisureCoupleVacation
572,2,0,0,7,Wednesday,MidWeekLeisureCoupleVacation
573,2,0,0,7,Thursday,MidWeekLeisureCoupleVacation
574,2,0,400,3,Sunday,MidWeekLeisureCoupleVacation
575,2,0,400,3,Monday,MidWeekLeisureCoupleVacation
576,2,0,400,3,Tuesday,MidWeekLeisureCoupleVacation
577,2,0,400,3,Wednesday,MidWeekLeisureCoupleVacation
578,2,0,400,3,Thursday,MidWeekLeisureCoupleVacation
579,2,0,400,7,Sunday,MidWeekLeisureCoupleVacation
580,2,0,400,7,Monday,MidWeekLeisureCoupleVacation
581,2,0,400,7,Tuesday,MidWeekLeisureCoupleVacation
582,2,0,400,7,Wednesday,MidWeekLeisureCoupleVacation
583,2,0,400,7,Thursday,MidWeekLeisureCoupleVacation
584,2,0,0,3,Sunday,MidWeekLeisureCoupleVacation
585,2,0,0,3,Monday,MidWeekLeisureCoupleVacation
586,2,0,0,3,Tuesday,MidWeekLeisureCoupleVacation
587,2,0,0,3,Wednesday,MidWeekLeisureCoupleVacation
588,2,0,0,3,Thursday,MidWeekLeisureCoupleVacation
589,2,0,0,7,Sunday,MidWeekLeisureCoupleVacation
590,2,0,0,7,Monday,MidWeekLeisureCoupleVacation
591,2,0,0,7,Tuesday,MidWeekLeisureCoupleVacation
592,2,0,0,7,Wednesday,MidWeekLeisureCoupleVacation
593,2,0,0,7,Thursday,MidWeekLeisureCoupleVacation
594,2,0,400,3,Sunday,MidWeekLeisureCoupleVacation
595,2,0,400,3,Monday,MidWeekLeisureCoupleVacation
596,2,0,400,3,Tuesday,MidWeekLeisureCoupleVacation
597,2,0,400,3,Wednesday,MidWeekLeisureCoupleVacation
598,2,0,400,3,Thursday,MidWeekLeisureCoupleVacation
599,2,0,400,7,Sunday,MidWeekLeisureCoupleVacation
600,2,0,400,7,Monday,MidWeekLeisureCoupleVacation
601,2,0,400,7,Tuesday,MidWeekLeisureCoupleVacation
602,2,0,400,7,Wednesday,MidWeekLeisureCoupleVacation
603,2,0,400,7,Thursday,MidWeekLeisureCoupleVacation
604,2,0,0,3,Sunday,MidWeekLeisureCoupleVacation
605,2,0,0,3,Monday,MidWeekLeisureCoupleVacation
606,2,0,0,3,Tuesday,MidWeekLeisureCoupleVacation
607,2,0,0,3,Wednesday,MidWeekLeisureCoupleVacation
608,2,0,0,3,Thursday,MidWeekLeisureCoupleVacation
609,2,0,0,7,Sunday,MidWeekLeisureCoupleVacation
610,2,0,0,7,Monday,MidWeekLeisureCoupleVacation
611,2,0,0,7,Tuesday,MidWeekLeisureCoupleVacation
612,2,0,0,7,Wednesday,MidWeekLeisureCoupleVacation
613,2,0,0,7,Thursday,MidWeekLeisureCoupleVacation
614,2,0,400,3,Sunday,MidWeekLeisureCoupleVacation
615,2,0,400,3,Monday,MidWeekLeisureCoupleVacation
616,2,0,400,3,Tuesday,MidWeekLeisureCoupleVacation
617,2,0,400,3,Wednesday,MidWeekLeisureCoupleVacation
618,2,0,400,3,Thursday,MidWeekLeisureCoupleVacation
619,2,0,400,7,Sunday,MidWeekLeisureCoupleVacation
620,2,0,400,7,Monday,MidWeekLeisureCoupleVacation
621,2,0,400,7,Tuesday,MidWeekLeisureCoupleVacation
622,2,0,400,7,Wednesday,MidWeekLeisureCoupleVacation
623,2,0,400,7,Thursday,MidWeekLeisureCoupleVacation
624,1,1,7,3,Friday,LeisureFamilyVacation
625,1,1,7,3,Saturday,LeisureFamilyVacation
626,1,1,7,7,Friday,LeisureFamilyVacation
627,1,1,7,7,Saturday,LeisureFamilyVacation
628,1,1,400,3,Friday,LeisureFamilyVacation
629,1,1,400,3,Saturday,LeisureFamilyVacation
630,1,1,400,7,Friday,LeisureFamilyVacation
631,1,1,400,7,Saturday,LeisureFamilyVacation
632,1,2000,7,3,Friday,LeisureFamilyVacation
633,1,2000,7,3,Saturday,LeisureFamilyVacation
634,1,2000,7,7,Friday,LeisureFamilyVacation
635,1,2000,7,7,Saturday,LeisureFamilyVacation
636,1,2000,400,3,Friday,LeisureFamilyVacation
637,1,2000,400,3,Saturday,LeisureFamilyVacation
638,1,2000,400,7,Friday,LeisureFamilyVacation
639,1,2000,400,7,Saturday,LeisureFamilyVacation
640,2000,1,7,3,Friday,LeisureFamilyVacation
641,2000,1,7,3,Saturday,LeisureFamilyVacation
642,2000,1,7,7,Friday,LeisureFamilyVacation
643,2000,1,7,7,Saturday,LeisureFamilyVacation
644,2000,1,400,3,Friday,LeisureFamilyVacation
645,2000,1,400,3,Saturday,LeisureFamilyVacation
646,2000,1,400,7,Friday,LeisureFamilyVacation
647,2000,1,400,7,Saturday,LeisureFamilyVacation
648,2000,2000,7,3,Friday,LeisureFamilyVacation
649,2000,2000,7,3,Saturday,LeisureFamilyVacation
650,2000,2000,7,7,Friday,LeisureFamilyVacation
651,2000,2000,7,7,Saturday,LeisureFamilyVacation
652,2000,2000,400,3,Friday,LeisureFamilyVacation
653,2000,2000,400,3,Saturday,LeisureFamilyVacation
654,2000,2000,400,7,Friday,LeisureFamilyVacation
655,2000,2000,400,7,Saturday,LeisureFamilyVacation
656,1,1,0,3,Friday,SuddenLeisureFamilyVacation
657,1,1,0,3,Saturday,SuddenLeisureFamilyVacation
658,1,1,0,7,Friday,SuddenLeisureFamilyVacation
659,1,1,0,7,Saturday,SuddenLeisureFamilyVacation
660,1,1,6,3,Friday,SuddenLeisureFamilyVacation
661,1,1,6,3,Saturday,SuddenLeisureFamilyVacation
662,1,1,6,7,Friday,SuddenLeisureFamilyVacation
663,1,1,6,7,Saturday,SuddenLeisureFamilyVacation
664,1,2000,0,3,Friday,SuddenLeisureFamilyVacation
665,1,2000,0,3,Saturday,SuddenLeisureFamilyVacation
666,1,2000,0,7,Friday,SuddenLeisureFamilyVacation
667,1,2000,0,7,Saturday,SuddenLeisureFamilyVacation
668,1,2000,6,3,Friday,SuddenLeisureFamilyVacation
669,1,2000,6,3,Saturday,SuddenLeisureFamilyVacation
670,1,2000,6,7,Friday,SuddenLeisureFamilyVacation
671,1,2000,6,7,Saturday,SuddenLeisureFamilyVacation
672,2000,1,0,3,Friday,SuddenLeisureFamilyVacation
673,2000,1,0,3,Saturday,SuddenLeisureFamilyVacation
674,2000,1,0,7,Friday,SuddenLeisureFamilyVacation
675,2000,1,0,7,Saturday,SuddenLeisureFamilyVacation
676,2000,1,6,3,Friday,SuddenLeisureFamilyVacation
677,2000,1,6,3,Saturday,SuddenLeisureFamilyVacation
678,2000,1,6,7,Friday,SuddenLeisureFamilyVacation
679,2000,1,6,7,Saturday,SuddenLeisureFamilyVacation
680,2000,2000,0,3,Friday,SuddenLeisureFamilyVacation
681,2000,2000,0,3,Saturday,SuddenLeisureFamilyVacation
682,2000,2000,0,7,Friday,SuddenLeisureFamilyVacation
683,2000,2000,0,7,Saturday,SuddenLeisureFamilyVacation
684,2000,2000,6,3,Friday,SuddenLeisureFamilyVacation
685,2000,2000,6,3,Saturday,SuddenLeisureFamilyVacation
686,2000,2000,6,7,Friday,SuddenLeisureFamilyVacation
687,2000,2000,6,7,Saturday,SuddenLeisureFamilyVacation
688,1,1,7,1,Friday,LeisureFamilyGetaway
689,1,1,7,1,Saturday,LeisureFamilyGetaway
690,1,1,7,2,Friday,LeisureFamilyGetaway
691,1,1,7,2,Saturday,LeisureFamilyGetaway
692,1,1,400,1,Friday,LeisureFamilyGetaway
693,1,1,400,1,Saturday,LeisureFamilyGetaway
694,1,1,400,2,Friday,LeisureFamilyGetaway
695,1,1,400,2,Saturday,LeisureFamilyGetaway
696,1,2000,7,1,Friday,LeisureFamilyGetaway
697,1,2000,7,1,Saturday,LeisureFamilyGetaway
698,1,2000,7,2,Friday,LeisureFamilyGetaway
699,1,2000,7,2,Saturday,LeisureFamilyGetaway
700,1,2000,400,1,Friday,LeisureFamilyGetaway
701,1,2000,400,1,Saturday,LeisureFamilyGetaway
702,1,2000,400,2,Friday,LeisureFamilyGetaway
703,1,2000,400,2,Saturday,LeisureFamilyGetaway
704,2000,1,7,1,Friday,LeisureFamilyGetaway
705,2000,1,7,1,Saturday,LeisureFamilyGetaway
706,2000,1,7,2,Friday,LeisureFamilyGetaway
707,2000,1,7,2,Saturday,LeisureFamilyGetaway
708,2000,1,400,1,Friday,LeisureFamilyGetaway
709,2000,1,400,1,Saturday,LeisureFamilyGetaway
710,2000,1,400,2,Friday,LeisureFamilyGetaway
711,2000,1,400,2,Saturday,LeisureFamilyGetaway
712,2000,2000,7,1,Friday,LeisureFamilyGetaway
713,2000,2000,7,1,Saturday,LeisureFamilyGetaway
714,2000,2000,7,2,Friday,LeisureFamilyGetaway
715,2000,2000,7,2,Saturday,LeisureFamilyGetaway
716,2000,2000,400,1,Friday,LeisureFamilyGetaway
717,2000,2000,400,1,Saturday,LeisureFamilyGetaway
718,2000,2000,400,2,Friday,LeisureFamilyGetaway
719,2000,2000,400,2,Saturday,LeisureFamilyGetaway
720,1,1,1,1,Friday,SuddenLeisureFamilyGetaway
721,1,1,1,1,Saturday,SuddenLeisureFamilyGetaway
722,1,1,1,2,Friday,SuddenLeisureFamilyGetaway
723,1,1,1,2,Saturday,SuddenLeisureFamilyGetaway
724,1,1,6,1,Friday,SuddenLeisureFamilyGetaway
725,1,1,6,1,Saturday,SuddenLeisureFamilyGetaway
726,1,1,6,2,Friday,SuddenLeisureFamilyGetaway
727,1,1,6,2,Saturday,SuddenLeisureFamilyGetaway
728,1,2000,1,1,Friday,SuddenLeisureFamilyGetaway
729,1,2000,1,1,Saturday,SuddenLeisureFamilyGetaway
730,1,2000,1,2,Friday,SuddenLeisureFamilyGetaway
731,1,2000,1,2,Saturday,SuddenLeisureFamilyGetaway
732,1,2000,6,1,Friday,SuddenLeisureFamilyGetaway
733,1,2000,6,1,Saturday,SuddenLeisureFamilyGetaway
734,1,2000,6,2,Friday,SuddenLeisureFamilyGetaway
735,1,2000,6,2,Saturday,SuddenLeisureFamilyGetaway
736,2000,1,1,1,Friday,SuddenLeisureFamilyGetaway
737,2000,1,1,1,Saturday,SuddenLeisureFamilyGetaway
738,2000,1,1,2,Friday,SuddenLeisureFamilyGetaway
739,2000,1,1,2,Saturday,SuddenLeisureFamilyGetaway
740,2000,1,6,1,Friday,SuddenLeisureFamilyGetaway
741,2000,1,6,1,Saturday,SuddenLeisureFamilyGetaway
742,2000,1,6,2,Friday,SuddenLeisureFamilyGetaway
743,2000,1,6,2,Saturday,SuddenLeisureFamilyGetaway
744,2000,2000,1,1,Friday,SuddenLeisureFamilyGetaway
745,2000,2000,1,1,Saturday,SuddenLeisureFamilyGetaway
746,2000,2000,1,2,Friday,SuddenLeisureFamilyGetaway
747,2000,2000,1,2,Saturday,SuddenLeisureFamilyGetaway
748,2000,2000,6,1,Friday,SuddenLeisureFamilyGetaway
749,2000,2000,6,1,Saturday,SuddenLeisureFamilyGetaway
750,2000,2000,6,2,Friday,SuddenLeisureFamilyGetaway
751,2000,2000,6,2,Saturday,SuddenLeisureFamilyGetaway
752,1,1,0,2,Friday,SuddenLeisureFamilyGetaway
753,1,1,0,2,Saturday,SuddenLeisureFamilyGetaway
754,1,1,0,2,Friday,SuddenLeisureFamilyGetaway
755,1,1,0,2,Saturday,SuddenLeisureFamilyGetaway
756,1,1,0,2,Friday,SuddenLeisureFamilyGetaway
757,1,1,0,2,Saturday,SuddenLeisureFamilyGetaway
758,1,1,0,2,Friday,SuddenLeisureFamilyGetaway
759,1,1,0,2,Saturday,SuddenLeisureFamilyGetaway
760,1,2000,0,2,Friday,SuddenLeisureFamilyGetaway
761,1,2000,0,2,Saturday,SuddenLeisureFamilyGetaway
762,1,2000,0,2,Friday,SuddenLeisureFamilyGetaway
763,1,2000,0,2,Saturday,SuddenLeisureFamilyGetaway
764,1,2000,0,2,Friday,SuddenLeisureFamilyGetaway
765,1,2000,0,2,Saturday,SuddenLeisureFamilyGetaway
766,1,2000,0,2,Friday,SuddenLeisureFamilyGetaway
767,1,2000,0,2,Saturday,SuddenLeisureFamilyGetaway
768,2000,1,0,2,Friday,SuddenLeisureFamilyGetaway
769,2000,1,0,2,Saturday,SuddenLeisureFamilyGetaway
770,2000,1,0,2,Friday,SuddenLeisureFamilyGetaway
771,2000,1,0,2,Saturday,SuddenLeisureFamilyGetaway
772,2000,1,0,2,Friday,SuddenLeisureFamilyGetaway
773,2000,1,0,2,Saturday,SuddenLeisureFamilyGetaway
774,2000,1,0,2,Friday,SuddenLeisureFamilyGetaway
775,2000,1,0,2,Saturday,SuddenLeisureFamilyGetaway
776,2000,2000,0,2,Friday,SuddenLeisureFamilyGetaway
777,2000,2000,0,2,Saturday,SuddenLeisureFamilyGetaway
778,2000,2000,0,2,Friday,SuddenLeisureFamilyGetaway
779,2000,2000,0,2,Saturday,SuddenLeisureFamilyGetaway
780,2000,2000,0,2,Friday,SuddenLeisureFamilyGetaway
781,2000,2000,0,2,Saturday,SuddenLeisureFamilyGetaway
782,2000,2000,0,2,Friday,SuddenLeisureFamilyGetaway
783,2000,2000,0,2,Saturday,SuddenLeisureFamilyGetaway
784,1,1,0,2,Sunday,MidWeekFamilyGetaway
785,1,1,0,2,Monday,MidWeekFamilyGetaway
786,1,1,0,2,Tuesday,MidWeekFamilyGetaway
787,1,1,0,2,Wednesday,MidWeekFamilyGetaway
788,1,1,0,2,Thursday,MidWeekFamilyGetaway
789,1,1,0,2,Sunday,MidWeekFamilyGetaway
790,1,1,0,2,Monday,MidWeekFamilyGetaway
791,1,1,0,2,Tuesday,MidWeekFamilyGetaway
792,1,1,0,2,Wednesday,MidWeekFamilyGetaway
793,1,1,0,2,Thursday,MidWeekFamilyGetaway
794,1,1,400,2,Sunday,MidWeekFamilyGetaway
795,1,1,400,2,Monday,MidWeekFamilyGetaway
796,1,1,400,2,Tuesday,MidWeekFamilyGetaway
797,1,1,400,2,Wednesday,MidWeekFamilyGetaway
798,1,1,400,2,Thursday,MidWeekFamilyGetaway
799,1,1,400,2,Sunday,MidWeekFamilyGetaway
800,1,1,400,2,Monday,MidWeekFamilyGetaway
801,1,1,400,2,Tuesday,MidWeekFamilyGetaway
802,1,1,400,2,Wednesday,MidWeekFamilyGetaway
803,1,1,400,2,Thursday,MidWeekFamilyGetaway
804,1,2000,0,2,Sunday,MidWeekFamilyGetaway
805,1,2000,0,2,Monday,MidWeekFamilyGetaway
806,1,2000,0,2,Tuesday,MidWeekFamilyGetaway
807,1,2000,0,2,Wednesday,MidWeekFamilyGetaway
808,1,2000,0,2,Thursday,MidWeekFamilyGetaway
809,1,2000,0,2,Sunday,MidWeekFamilyGetaway
810,1,2000,0,2,Monday,MidWeekFamilyGetaway
811,1,2000,0,2,Tuesday,MidWeekFamilyGetaway
812,1,2000,0,2,Wednesday,MidWeekFamilyGetaway
813,1,2000,0,2,Thursday,MidWeekFamilyGetaway
814,1,2000,400,2,Sunday,MidWeekFamilyGetaway
815,1,2000,400,2,Monday,MidWeekFamilyGetaway
816,1,2000,400,2,Tuesday,MidWeekFamilyGetaway
817,1,2000,400,2,Wednesday,MidWeekFamilyGetaway
818,1,2000,400,2,Thursday,MidWeekFamilyGetaway
819,1,2000,400,2,Sunday,MidWeekFamilyGetaway
820,1,2000,400,2,Monday,MidWeekFamilyGetaway
821,1,2000,400,2,Tuesday,MidWeekFamilyGetaway
822,1,2000,400,2,Wednesday,MidWeekFamilyGetaway
823,1,2000,400,2,Thursday,MidWeekFamilyGetaway
824,2000,1,0,2,Sunday,MidWeekFamilyGetaway
825,2000,1,0,2,Monday,MidWeekFamilyGetaway
826,2000,1,0,2,Tuesday,MidWeekFamilyGetaway
827,2000,1,0,2,Wednesday,MidWeekFamilyGetaway
828,2000,1,0,2,Thursday,MidWeekFamilyGetaway
829,2000,1,0,2,Sunday,MidWeekFamilyGetaway
830,2000,1,0,2,Monday,MidWeekFamilyGetaway
831,2000,1,0,2,Tuesday,MidWeekFamilyGetaway
832,2000,1,0,2,Wednesday,MidWeekFamilyGetaway
833,2000,1,0,2,Thursday,MidWeekFamilyGetaway
834,2000,1,400,2,Sunday,MidWeekFamilyGetaway
835,2000,1,400,2,Monday,MidWeekFamilyGetaway
836,2000,1,400,2,Tuesday,MidWeekFamilyGetaway
837,2000,1,400,2,Wednesday,MidWeekFamilyGetaway
838,2000,1,400,2,Thursday,MidWeekFamilyGetaway
839,2000,1,400,2,Sunday,MidWeekFamilyGetaway
840,2000,1,400,2,Monday,MidWeekFamilyGetaway
841,2000,1,400,2,Tuesday,MidWeekFamilyGetaway
842,2000,1,400,2,Wednesday,MidWeekFamilyGetaway
843,2000,1,400,2,Thursday,MidWeekFamilyGetaway
844,2000,2000,0,2,Sunday,MidWeekFamilyGetaway
845,2000,2000,0,2,Monday,MidWeekFamilyGetaway
846,2000,2000,0,2,Tuesday,MidWeekFamilyGetaway
847,2000,2000,0,2,Wednesday,MidWeekFamilyGetaway
848,2000,2000,0,2,Thursday,MidWeekFamilyGetaway
849,2000,2000,0,2,Sunday,MidWeekFamilyGetaway
850,2000,2000,0,2,Monday,MidWeekFamilyGetaway
851,2000,2000,0,2,Tuesday,MidWeekFamilyGetaway
852,2000,2000,0,2,Wednesday,MidWeekFamilyGetaway
853,2000,2000,0,2,Thursday,MidWeekFamilyGetaway
854,2000,2000,400,2,Sunday,MidWeekFamilyGetaway
855,2000,2000,400,2,Monday,MidWeekFamilyGetaway
856,2000,2000,400,2,Tuesday,MidWeekFamilyGetaway
857,2000,2000,400,2,Wednesday,MidWeekFamilyGetaway
858,2000,2000,400,2,Thursday,MidWeekFamilyGetaway
859,2000,2000,400,2,Sunday,MidWeekFamilyGetaway
860,2000,2000,400,2,Monday,MidWeekFamilyGetaway
861,2000,2000,400,2,Tuesday,MidWeekFamilyGetaway
862,2000,2000,400,2,Wednesday,MidWeekFamilyGetaway
863,2000,2000,400,2,Thursday,MidWeekFamilyGetaway
864,1,1,1,1,Sunday,MidWeekFamilyGetaway
865,1,1,1,1,Monday,MidWeekFamilyGetaway
866,1,1,1,1,Tuesday,MidWeekFamilyGetaway
867,1,1,1,1,Wednesday,MidWeekFamilyGetaway
868,1,1,1,1,Thursday,MidWeekFamilyGetaway
869,1,1,1,1,Sunday,MidWeekFamilyGetaway
870,1,1,1,1,Monday,MidWeekFamilyGetaway
871,1,1,1,1,Tuesday,MidWeekFamilyGetaway
872,1,1,1,1,Wednesday,MidWeekFamilyGetaway
873,1,1,1,1,Thursday,MidWeekFamilyGetaway
874,1,1,400,1,Sunday,MidWeekFamilyGetaway
875,1,1,400,1,Monday,MidWeekFamilyGetaway
876,1,1,400,1,Tuesday,MidWeekFamilyGetaway
877,1,1,400,1,Wednesday,MidWeekFamilyGetaway
878,1,1,400,1,Thursday,MidWeekFamilyGetaway
879,1,1,400,1,Sunday,MidWeekFamilyGetaway
880,1,1,400,1,Monday,MidWeekFamilyGetaway
881,1,1,400,1,Tuesday,MidWeekFamilyGetaway
882,1,1,400,1,Wednesday,MidWeekFamilyGetaway
883,1,1,400,1,Thursday,MidWeekFamilyGetaway
884,1,2000,1,1,Sunday,MidWeekFamilyGetaway
885,1,2000,1,1,Monday,MidWeekFamilyGetaway
886,1,2000,1,1,Tuesday,MidWeekFamilyGetaway
887,1,2000,1,1,Wednesday,MidWeekFamilyGetaway
888,1,2000,1,1,Thursday,MidWeekFamilyGetaway
889,1,2000,1,1,Sunday,MidWeekFamilyGetaway
890,1,2000,1,1,Monday,MidWeekFamilyGetaway
891,1,2000,1,1,Tuesday,MidWeekFamilyGetaway
892,1,2000,1,1,Wednesday,MidWeekFamilyGetaway
893,1,2000,1,1,Thursday,MidWeekFamilyGetaway
894,1,2000,400,1,Sunday,MidWeekFamilyGetaway
895,1,2000,400,1,Monday,MidWeekFamilyGetaway
896,1,2000,400,1,Tuesday,MidWeekFamilyGetaway
897,1,2000,400,1,Wednesday,MidWeekFamilyGetaway
898,1,2000,400,1,Thursday,MidWeekFamilyGetaway
899,1,2000,400,1,Sunday,MidWeekFamilyGetaway
900,1,2000,400,1,Monday,MidWeekFamilyGetaway
901,1,2000,400,1,Tuesday,MidWeekFamilyGetaway
902,1,2000,400,1,Wednesday,MidWeekFamilyGetaway
903,1,2000,400,1,Thursday,MidWeekFamilyGetaway
904,2000,1,1,1,Sunday,MidWeekFamilyGetaway
905,2000,1,1,1,Monday,MidWeekFamilyGetaway
906,2000,1,1,1,Tuesday,MidWeekFamilyGetaway
907,2000,1,1,1,Wednesday,MidWeekFamilyGetaway
908,2000,1,1,1,Thursday,MidWeekFamilyGetaway
909,2000,1,1,1,Sunday,MidWeekFamilyGetaway
910,2000,1,1,1,Monday,MidWeekFamilyGetaway
911,2000,1,1,1,Tuesday,MidWeekFamilyGetaway
912,2000,1,1,1,Wednesday,MidWeekFamilyGetaway
913,2000,1,1,1,Thursday,MidWeekFamilyGetaway
914,2000,1,400,1,Sunday,MidWeekFamilyGetaway
915,2000,1,400,1,Monday,MidWeekFamilyGetaway
916,2000,1,400,1,Tuesday,MidWeekFamilyGetaway
917,2000,1,400,1,Wednesday,MidWeekFamilyGetaway
918,2000,1,400,1,Thursday,MidWeekFamilyGetaway
919,2000,1,400,1,Sunday,MidWeekFamilyGetaway
920,2000,1,400,1,Monday,MidWeekFamilyGetaway
921,2000,1,400,1,Tuesday,MidWeekFamilyGetaway
922,2000,1,400,1,Wednesday,MidWeekFamilyGetaway
923,2000,1,400,1,Thursday,MidWeekFamilyGetaway
924,2000,2000,1,1,Sunday,MidWeekFamilyGetaway
925,2000,2000,1,1,Monday,MidWeekFamilyGetaway
926,2000,2000,1,1,Tuesday,MidWeekFamilyGetaway
927,2000,2000,1,1,Wednesday,MidWeekFamilyGetaway
928,2000,2000,1,1,Thursday,MidWeekFamilyGetaway
929,2000,2000,1,1,Sunday,MidWeekFamilyGetaway
930,2000,2000,1,1,Monday,MidWeekFamilyGetaway
931,2000,2000,1,1,Tuesday,MidWeekFamilyGetaway
932,2000,2000,1,1,Wednesday,MidWeekFamilyGetaway
933,2000,2000,1,1,Thursday,MidWeekFamilyGetaway
934,2000,2000,400,1,Sunday,MidWeekFamilyGetaway
935,2000,2000,400,1,Monday,MidWeekFamilyGetaway
936,2000,2000,400,1,Tuesday,MidWeekFamilyGetaway
937,2000,2000,400,1,Wednesday,MidWeekFamilyGetaway
938,2000,2000,400,1,Thursday,MidWeekFamilyGetaway
939,2000,2000,400,1,Sunday,MidWeekFamilyGetaway
940,2000,2000,400,1,Monday,MidWeekFamilyGetaway
941,2000,2000,400,1,Tuesday,MidWeekFamilyGetaway
942,2000,2000,400,1,Wednesday,MidWeekFamilyGetaway
943,2000,2000,400,1,Thursday,MidWeekFamilyGetaway
944,1,1,0,3,Sunday,MidWeekLeisureFamilyVacation
945,1,1,0,3,Monday,MidWeekLeisureFamilyVacation
946,1,1,0,3,Tuesday,MidWeekLeisureFamilyVacation
947,1,1,0,3,Wednesday,MidWeekLeisureFamilyVacation
948,1,1,0,3,Thursday,MidWeekLeisureFamilyVacation
949,1,1,0,7,Sunday,MidWeekLeisureFamilyVacation
950,1,1,0,7,Monday,MidWeekLeisureFamilyVacation
951,1,1,0,7,Tuesday,MidWeekLeisureFamilyVacation
952,1,1,0,7,Wednesday,MidWeekLeisureFamilyVacation
953,1,1,0,7,Thursday,MidWeekLeisureFamilyVacation
954,1,1,400,3,Sunday,MidWeekLeisureFamilyVacation
955,1,1,400,3,Monday,MidWeekLeisureFamilyVacation
956,1,1,400,3,Tuesday,MidWeekLeisureFamilyVacation
957,1,1,400,3,Wednesday,MidWeekLeisureFamilyVacation
958,1,1,400,3,Thursday,MidWeekLeisureFamilyVacation
959,1,1,400,7,Sunday,MidWeekLeisureFamilyVacation
960,1,1,400,7,Monday,MidWeekLeisureFamilyVacation
961,1,1,400,7,Tuesday,MidWeekLeisureFamilyVacation
962,1,1,400,7,Wednesday,MidWeekLeisureFamilyVacation
963,1,1,400,7,Thursday,MidWeekLeisureFamilyVacation
964,1,2000,0,3,Sunday,MidWeekLeisureFamilyVacation
965,1,2000,0,3,Monday,MidWeekLeisureFamilyVacation
966,1,2000,0,3,Tuesday,MidWeekLeisureFamilyVacation
967,1,2000,0,3,Wednesday,MidWeekLeisureFamilyVacation
968,1,2000,0,3,Thursday,MidWeekLeisureFamilyVacation
969,1,2000,0,7,Sunday,MidWeekLeisureFamilyVacation
970,1,2000,0,7,Monday,MidWeekLeisureFamilyVacation
971,1,2000,0,7,Tuesday,MidWeekLeisureFamilyVacation
972,1,2000,0,7,Wednesday,MidWeekLeisureFamilyVacation
973,1,2000,0,7,Thursday,MidWeekLeisureFamilyVacation
974,1,2000,400,3,Sunday,MidWeekLeisureFamilyVacation
975,1,2000,400,3,Monday,MidWeekLeisureFamilyVacation
976,1,2000,400,3,Tuesday,MidWeekLeisureFamilyVacation
977,1,2000,400,3,Wednesday,MidWeekLeisureFamilyVacation
978,1,2000,400,3,Thursday,MidWeekLeisureFamilyVacation
979,1,2000,400,7,Sunday,MidWeekLeisureFamilyVacation
980,1,2000,400,7,Monday,MidWeekLeisureFamilyVacation
981,1,2000,400,7,Tuesday,MidWeekLeisureFamilyVacation
982,1,2000,400,7,Wednesday,MidWeekLeisureFamilyVacation
983,1,2000,400,7,Thursday,MidWeekLeisureFamilyVacation
984,2000,1,0,3,Sunday,MidWeekLeisureFamilyVacation
985,2000,1,0,3,Monday,MidWeekLeisureFamilyVacation
986,2000,1,0,3,Tuesday,MidWeekLeisureFamilyVacation
987,2000,1,0,3,Wednesday,MidWeekLeisureFamilyVacation
988,2000,1,0,3,Thursday,MidWeekLeisureFamilyVacation
989,2000,1,0,7,Sunday,MidWeekLeisureFamilyVacation
990,2000,1,0,7,Monday,MidWeekLeisureFamilyVacation
991,2000,1,0,7,Tuesday,MidWeekLeisureFamilyVacation
992,2000,1,0,7,Wednesday,MidWeekLeisureFamilyVacation
993,2000,1,0,7,Thursday,MidWeekLeisureFamilyVacation
994,2000,1,400,3,Sunday,MidWeekLeisureFamilyVacation
995,2000,1,400,3,Monday,MidWeekLeisureFamilyVacation
996,2000,1,400,3,Tuesday,MidWeekLeisureFamilyVacation
997,2000,1,400,3,Wednesday,MidWeekLeisureFamilyVacation
998,2000,1,400,3,Thursday,MidWeekLeisureFamilyVacation
999,2000,1,400,7,Sunday,MidWeekLeisureFamilyVacation
1000,2000,1,400,7,Monday,MidWeekLeisureFamilyVacation
1001,2000,1,400,7,Tuesday,MidWeekLeisureFamilyVacation
1002,2000,1,400,7,Wednesday,MidWeekLeisureFamilyVacation
1003,2000,1,400,7,Thursday,MidWeekLeisureFamilyVacation
1004,2000,2000,0,3,Sunday,MidWeekLeisureFamilyVacation
1005,2000,2000,0,3,Monday,MidWeekLeisureFamilyVacation
1006,2000,2000,0,3,Tuesday,MidWeekLeisureFamilyVacation
1007,2000,2000,0,3,Wednesday,MidWeekLeisureFamilyVacation
1008,2000,2000,0,3,Thursday,MidWeekLeisureFamilyVacation
1009,2000,2000,0,7,Sunday,MidWeekLeisureFamilyVacation
1010,2000,2000,0,7,Monday,MidWeekLeisureFamilyVacation
1011,2000,2000,0,7,Tuesday,MidWeekLeisureFamilyVacation
1012,2000,2000,0,7,Wednesday,MidWeekLeisureFamilyVacation
1013,2000,2000,0,7,Thursday,MidWeekLeisureFamilyVacation
1014,2000,2000,400,3,Sunday,MidWeekLeisureFamilyVacation
1015,2000,2000,400,3,Monday,MidWeekLeisureFamilyVacation
1016,2000,2000,400,3,Tuesday,MidWeekLeisureFamilyVacation
1017,2000,2000,400,3,Wednesday,MidWeekLeisureFamilyVacation
1018,2000,2000,400,3,Thursday,MidWeekLeisureFamilyVacation
1019,2000,2000,400,7,Sunday,MidWeekLeisureFamilyVacation
1020,2000,2000,400,7,Monday,MidWeekLeisureFamilyVacation
1021,2000,2000,400,7,Tuesday,MidWeekLeisureFamilyVacation
1022,2000,2000,400,7,Wednesday,MidWeekLeisureFamilyVacation
1023,2000,2000,400,7,Thursday,MidWeekLeisureFamilyVacation
1024,1,0,1,1,Monday,BusinessShortStay
1025,1,0,1,1,Tuesday,BusinessShortStay
1026,1,0,1,1,Wednesday,BusinessShortStay
1027,1,0,1,1,Thursday,BusinessShortStay
1028,1,0,1,2,Monday,BusinessShortStay
1029,1,0,1,2,Tuesday,BusinessShortStay
1030,1,0,1,2,Wednesday,BusinessShortStay
1031,1,0,1,2,Thursday,BusinessShortStay
1032,1,0,14,1,Monday,BusinessShortStay
1033,1,0,14,1,Tuesday,BusinessShortStay
1034,1,0,14,1,Wednesday,BusinessShortStay
1035,1,0,14,1,Thursday,BusinessShortStay
1036,1,0,14,2,Monday,BusinessShortStay
1037,1,0,14,2,Tuesday,BusinessShortStay
1038,1,0,14,2,Wednesday,BusinessShortStay
1039,1,0,14,2,Thursday,BusinessShortStay
1040,1,0,1,1,Monday,BusinessShortStay
1041,1,0,1,1,Tuesday,BusinessShortStay
1042,1,0,1,1,Wednesday,BusinessShortStay
1043,1,0,1,1,Thursday,BusinessShortStay
1044,1,0,1,2,Monday,BusinessShortStay
1045,1,0,1,2,Tuesday,BusinessShortStay
1046,1,0,1,2,Wednesday,BusinessShortStay
1047,1,0,1,2,Thursday,BusinessShortStay
1048,1,0,14,1,Monday,BusinessShortStay
1049,1,0,14,1,Tuesday,BusinessShortStay
1050,1,0,14,1,Wednesday,BusinessShortStay
1051,1,0,14,1,Thursday,BusinessShortStay
1052,1,0,14,2,Monday,BusinessShortStay
1053,1,0,14,2,Tuesday,BusinessShortStay
1054,1,0,14,2,Wednesday,BusinessShortStay
1055,1,0,14,2,Thursday,BusinessShortStay
1056,1,0,1,1,Monday,BusinessShortStay
1057,1,0,1,1,Tuesday,BusinessShortStay
1058,1,0,1,1,Wednesday,BusinessShortStay
1059,1,0,1,1,Thursday,BusinessShortStay
1060,1,0,1,2,Monday,BusinessShortStay
1061,1,0,1,2,Tuesday,BusinessShortStay
1062,1,0,1,2,Wednesday,BusinessShortStay
1063,1,0,1,2,Thursday,BusinessShortStay
1064,1,0,14,1,Monday,BusinessShortStay
1065,1,0,14,1,Tuesday,BusinessShortStay
1066,1,0,14,1,Wednesday,BusinessShortStay
1067,1,0,14,1,Thursday,BusinessShortStay
1068,1,0,14,2,Monday,BusinessShortStay
1069,1,0,14,2,Tuesday,BusinessShortStay
1070,1,0,14,2,Wednesday,BusinessShortStay
1071,1,0,14,2,Thursday,BusinessShortStay
1072,1,0,1,1,Monday,BusinessShortStay
1073,1,0,1,1,Tuesday,BusinessShortStay
1074,1,0,1,1,Wednesday,BusinessShortStay
1075,1,0,1,1,Thursday,BusinessShortStay
1076,1,0,1,2,Monday,BusinessShortStay
1077,1,0,1,2,Tuesday,BusinessShortStay
1078,1,0,1,2,Wednesday,BusinessShortStay
1079,1,0,1,2,Thursday,BusinessShortStay
1080,1,0,14,1,Monday,BusinessShortStay
1081,1,0,14,1,Tuesday,BusinessShortStay
1082,1,0,14,1,Wednesday,BusinessShortStay
1083,1,0,14,1,Thursday,BusinessShortStay
1084,1,0,14,2,Monday,BusinessShortStay
1085,1,0,14,2,Tuesday,BusinessShortStay
1086,1,0,14,2,Wednesday,BusinessShortStay
1087,1,0,14,2,Thursday,BusinessShortStay
1088,1,0,0,2,Monday,BusinessShortStay
1089,1,0,0,2,Tuesday,BusinessShortStay
1090,1,0,0,2,Wednesday,BusinessShortStay
1091,1,0,0,2,Thursday,BusinessShortStay
1092,1,0,0,2,Monday,BusinessShortStay
1093,1,0,0,2,Tuesday,BusinessShortStay
1094,1,0,0,2,Wednesday,BusinessShortStay
1095,1,0,0,2,Thursday,BusinessShortStay
1096,1,0,0,2,Monday,BusinessShortStay
1097,1,0,0,2,Tuesday,BusinessShortStay
1098,1,0,0,2,Wednesday,BusinessShortStay
1099,1,0,0,2,Thursday,BusinessShortStay
1100,1,0,0,2,Monday,BusinessShortStay
1101,1,0,0,2,Tuesday,BusinessShortStay
1102,1,0,0,2,Wednesday,BusinessShortStay
1103,1,0,0,2,Thursday,BusinessShortStay
1104,1,0,0,2,Monday,BusinessShortStay
1105,1,0,0,2,Tuesday,BusinessShortStay
1106,1,0,0,2,Wednesday,BusinessShortStay
1107,1,0,0,2,Thursday,BusinessShortStay
1108,1,0,0,2,Monday,BusinessShortStay
1109,1,0,0,2,Tuesday,BusinessShortStay
1110,1,0,0,2,Wednesday,BusinessShortStay
1111,1,0,0,2,Thursday,BusinessShortStay
1112,1,0,0,2,Monday,BusinessShortStay
1113,1,0,0,2,Tuesday,BusinessShortStay
1114,1,0,0,2,Wednesday,BusinessShortStay
1115,1,0,0,2,Thursday,BusinessShortStay
1116,1,0,0,2,Monday,BusinessShortStay
1117,1,0,0,2,Tuesday,BusinessShortStay
1118,1,0,0,2,Wednesday,BusinessShortStay
1119,1,0,0,2,Thursday,BusinessShortStay
1120,1,0,0,2,Monday,BusinessShortStay
1121,1,0,0,2,Tuesday,BusinessShortStay
1122,1,0,0,2,Wednesday,BusinessShortStay
1123,1,0,0,2,Thursday,BusinessShortStay
1124,1,0,0,2,Monday,BusinessShortStay
1125,1,0,0,2,Tuesday,BusinessShortStay
1126,1,0,0,2,Wednesday,BusinessShortStay
1127,1,0,0,2,Thursday,BusinessShortStay
1128,1,0,0,2,Monday,BusinessShortStay
1129,1,0,0,2,Tuesday,BusinessShortStay
1130,1,0,0,2,Wednesday,BusinessShortStay
1131,1,0,0,2,Thursday,BusinessShortStay
1132,1,0,0,2,Monday,BusinessShortStay
1133,1,0,0,2,Tuesday,BusinessShortStay
1134,1,0,0,2,Wednesday,BusinessShortStay
1135,1,0,0,2,Thursday,BusinessShortStay
1136,1,0,0,2,Monday,BusinessShortStay
1137,1,0,0,2,Tuesday,BusinessShortStay
1138,1,0,0,2,Wednesday,BusinessShortStay
1139,1,0,0,2,Thursday,BusinessShortStay
1140,1,0,0,2,Monday,BusinessShortStay
1141,1,0,0,2,Tuesday,BusinessShortStay
1142,1,0,0,2,Wednesday,BusinessShortStay
1143,1,0,0,2,Thursday,BusinessShortStay
1144,1,0,0,2,Monday,BusinessShortStay
1145,1,0,0,2,Tuesday,BusinessShortStay
1146,1,0,0,2,Wednesday,BusinessShortStay
1147,1,0,0,2,Thursday,BusinessShortStay
1148,1,0,0,2,Monday,BusinessShortStay
1149,1,0,0,2,Tuesday,BusinessShortStay
1150,1,0,0,2,Wednesday,BusinessShortStay
1151,1,0,0,2,Thursday,BusinessShortStay
1152,1,0,15,1,Monday,PlannedBusinessShortStay
1153,1,0,15,1,Tuesday,PlannedBusinessShortStay
1154,1,0,15,1,Wednesday,PlannedBusinessShortStay
1155,1,0,15,1,Thursday,PlannedBusinessShortStay
1156,1,0,15,2,Monday,PlannedBusinessShortStay
1157,1,0,15,2,Tuesday,PlannedBusinessShortStay
1158,1,0,15,2,Wednesday,PlannedBusinessShortStay
1159,1,0,15,2,Thursday,PlannedBusinessShortStay
1160,1,0,400,1,Monday,PlannedBusinessShortStay
1161,1,0,400,1,Tuesday,PlannedBusinessShortStay
1162,1,0,400,1,Wednesday,PlannedBusinessShortStay
1163,1,0,400,1,Thursday,PlannedBusinessShortStay
1164,1,0,400,2,Monday,PlannedBusinessShortStay
1165,1,0,400,2,Tuesday,PlannedBusinessShortStay
1166,1,0,400,2,Wednesday,PlannedBusinessShortStay
1167,1,0,400,2,Thursday,PlannedBusinessShortStay
1168,1,0,15,1,Monday,PlannedBusinessShortStay
1169,1,0,15,1,Tuesday,PlannedBusinessShortStay
1170,1,0,15,1,Wednesday,PlannedBusinessShortStay
1171,1,0,15,1,Thursday,PlannedBusinessShortStay
1172,1,0,15,2,Monday,PlannedBusinessShortStay
1173,1,0,15,2,Tuesday,PlannedBusinessShortStay
1174,1,0,15,2,Wednesday,PlannedBusinessShortStay
1175,1,0,15,2,Thursday,PlannedBusinessShortStay
1176,1,0,400,1,Monday,PlannedBusinessShortStay
1177,1,0,400,1,Tuesday,PlannedBusinessShortStay
1178,1,0,400,1,Wednesday,PlannedBusinessShortStay
1179,1,0,400,1,Thursday,PlannedBusinessShortStay
1180,1,0,400,2,Monday,PlannedBusinessShortStay
1181,1,0,400,2,Tuesday,PlannedBusinessShortStay
1182,1,0,400,2,Wednesday,PlannedBusinessShortStay
1183,1,0,400,2,Thursday,PlannedBusinessShortStay
1184,1,0,15,1,Monday,PlannedBusinessShortStay
1185,1,0,15,1,Tuesday,PlannedBusinessShortStay
1186,1,0,15,1,Wednesday,PlannedBusinessShortStay
1187,1,0,15,1,Thursday,PlannedBusinessShortStay
1188,1,0,15,2,Monday,PlannedBusinessShortStay
1189,1,0,15,2,Tuesday,PlannedBusinessShortStay
1190,1,0,15,2,Wednesday,PlannedBusinessShortStay
1191,1,0,15,2,Thursday,PlannedBusinessShortStay
1192,1,0,400,1,Monday,PlannedBusinessShortStay
1193,1,0,400,1,Tuesday,PlannedBusinessShortStay
1194,1,0,400,1,Wednesday,PlannedBusinessShortStay
1195,1,0,400,1,Thursday,PlannedBusinessShortStay
1196,1,0,400,2,Monday,PlannedBusinessShortStay
1197,1,0,400,2,Tuesday,PlannedBusinessShortStay
1198,1,0,400,2,Wednesday,PlannedBusinessShortStay
1199,1,0,400,2,Thursday,PlannedBusinessShortStay
1200,1,0,15,1,Monday,PlannedBusinessShortStay
1201,1,0,15,1,Tuesday,PlannedBusinessShortStay
1202,1,0,15,1,Wednesday,PlannedBusinessShortStay
1203,1,0,15,1,Thursday,PlannedBusinessShortStay
1204,1,0,15,2,Monday,PlannedBusinessShortStay
1205,1,0,15,2,Tuesday,PlannedBusinessShortStay
1206,1,0,15,2,Wednesday,PlannedBusinessShortStay
1207,1,0,15,2,Thursday,PlannedBusinessShortStay
1208,1,0,400,1,Monday,PlannedBusinessShortStay
1209,1,0,400,1,Tuesday,PlannedBusinessShortStay
1210,1,0,400,1,Wednesday,PlannedBusinessShortStay
1211,1,0,400,1,Thursday,PlannedBusinessShortStay
1212,1,0,400,2,Monday,PlannedBusinessShortStay
1213,1,0,400,2,Tuesday,PlannedBusinessShortStay
1214,1,0,400,2,Wednesday,PlannedBusinessShortStay
1215,1,0,400,2,Thursday,PlannedBusinessShortStay
1216,1,0,0,3,Sunday,BusinessLongStay
1217,1,0,0,3,Monday,BusinessLongStay
1218,1,0,0,3,Tuesday,BusinessLongStay
1219,1,0,0,3,Wednesday,BusinessLongStay
1220,1,0,0,3,Thursday,BusinessLongStay
1221,1,0,0,5,Sunday,BusinessLongStay
1222,1,0,0,5,Monday,BusinessLongStay
1223,1,0,0,5,Tuesday,BusinessLongStay
1224,1,0,0,5,Wednesday,BusinessLongStay
1225,1,0,0,5,Thursday,BusinessLongStay
1226,1,0,21,3,Sunday,BusinessLongStay
1227,1,0,21,3,Monday,BusinessLongStay
1228,1,0,21,3,Tuesday,BusinessLongStay
1229,1,0,21,3,Wednesday,BusinessLongStay
1230,1,0,21,3,Thursday,BusinessLongStay
1231,1,0,21,5,Sunday,BusinessLongStay
1232,1,0,21,5,Monday,BusinessLongStay
1233,1,0,21,5,Tuesday,BusinessLongStay
1234,1,0,21,5,Wednesday,BusinessLongStay
1235,1,0,21,5,Thursday,BusinessLongStay
1236,1,0,0,3,Sunday,BusinessLongStay
1237,1,0,0,3,Monday,BusinessLongStay
1238,1,0,0,3,Tuesday,BusinessLongStay
1239,1,0,0,3,Wednesday,BusinessLongStay
1240,1,0,0,3,Thursday,BusinessLongStay
1241,1,0,0,5,Sunday,BusinessLongStay
1242,1,0,0,5,Monday,BusinessLongStay
1243,1,0,0,5,Tuesday,BusinessLongStay
1244,1,0,0,5,Wednesday,BusinessLongStay
1245,1,0,0,5,Thursday,BusinessLongStay
1246,1,0,21,3,Sunday,BusinessLongStay
1247,1,0,21,3,Monday,BusinessLongStay
1248,1,0,21,3,Tuesday,BusinessLongStay
1249,1,0,21,3,Wednesday,BusinessLongStay
1250,1,0,21,3,Thursday,BusinessLongStay
1251,1,0,21,5,Sunday,BusinessLongStay
1252,1,0,21,5,Monday,BusinessLongStay
1253,1,0,21,5,Tuesday,BusinessLongStay
1254,1,0,21,5,Wednesday,BusinessLongStay
1255,1,0,21,5,Thursday,BusinessLongStay
1256,1,0,0,3,Sunday,BusinessLongStay
1257,1,0,0,3,Monday,BusinessLongStay
1258,1,0,0,3,Tuesday,BusinessLongStay
1259,1,0,0,3,Wednesday,BusinessLongStay
1260,1,0,0,3,Thursday,BusinessLongStay
1261,1,0,0,5,Sunday,BusinessLongStay
1262,1,0,0,5,Monday,BusinessLongStay
1263,1,0,0,5,Tuesday,BusinessLongStay
1264,1,0,0,5,Wednesday,BusinessLongStay
1265,1,0,0,5,Thursday,BusinessLongStay
1266,1,0,21,3,Sunday,BusinessLongStay
1267,1,0,21,3,Monday,BusinessLongStay
1268,1,0,21,3,Tuesday,BusinessLongStay
1269,1,0,21,3,Wednesday,BusinessLongStay
1270,1,0,21,3,Thursday,BusinessLongStay
1271,1,0,21,5,Sunday,BusinessLongStay
1272,1,0,21,5,Monday,BusinessLongStay
1273,1,0,21,5,Tuesday,BusinessLongStay
1274,1,0,21,5,Wednesday,BusinessLongStay
1275,1,0,21,5,Thursday,BusinessLongStay
1276,1,0,0,3,Sunday,BusinessLongStay
1277,1,0,0,3,Monday,BusinessLongStay
1278,1,0,0,3,Tuesday,BusinessLongStay
1279,1,0,0,3,Wednesday,BusinessLongStay
1280,1,0,0,3,Thursday,BusinessLongStay
1281,1,0,0,5,Sunday,BusinessLongStay
1282,1,0,0,5,Monday,BusinessLongStay
1283,1,0,0,5,Tuesday,BusinessLongStay
1284,1,0,0,5,Wednesday,BusinessLongStay
1285,1,0,0,5,Thursday,BusinessLongStay
1286,1,0,21,3,Sunday,BusinessLongStay
1287,1,0,21,3,Monday,BusinessLongStay
1288,1,0,21,3,Tuesday,BusinessLongStay
1289,1,0,21,3,Wednesday,BusinessLongStay
1290,1,0,21,3,Thursday,BusinessLongStay
1291,1,0,21,5,Sunday,BusinessLongStay
1292,1,0,21,5,Monday,BusinessLongStay
1293,1,0,21,5,Tuesday,BusinessLongStay
1294,1,0,21,5,Wednesday,BusinessLongStay
1295,1,0,21,5,Thursday,BusinessLongStay
1296,1,0,22,3,Sunday,PlannedBusinessLongStay
1297,1,0,22,3,Monday,PlannedBusinessLongStay
1298,1,0,22,3,Tuesday,PlannedBusinessLongStay
1299,1,0,22,3,Wednesday,PlannedBusinessLongStay
1300,1,0,22,3,Thursday,PlannedBusinessLongStay
1301,1,0,22,5,Sunday,PlannedBusinessLongStay
1302,1,0,22,5,Monday,PlannedBusinessLongStay
1303,1,0,22,5,Tuesday,PlannedBusinessLongStay
1304,1,0,22,5,Wednesday,PlannedBusinessLongStay
1305,1,0,22,5,Thursday,PlannedBusinessLongStay
1306,1,0,400,3,Sunday,PlannedBusinessLongStay
1307,1,0,400,3,Monday,PlannedBusinessLongStay
1308,1,0,400,3,Tuesday,PlannedBusinessLongStay
1309,1,0,400,3,Wednesday,PlannedBusinessLongStay
1310,1,0,400,3,Thursday,PlannedBusinessLongStay
1311,1,0,400,5,Sunday,PlannedBusinessLongStay
1312,1,0,400,5,Monday,PlannedBusinessLongStay
1313,1,0,400,5,Tuesday,PlannedBusinessLongStay
1314,1,0,400,5,Wednesday,PlannedBusinessLongStay
1315,1,0,400,5,Thursday,PlannedBusinessLongStay
1316,1,0,22,3,Sunday,PlannedBusinessLongStay
1317,1,0,22,3,Monday,PlannedBusinessLongStay
1318,1,0,22,3,Tuesday,PlannedBusinessLongStay
1319,1,0,22,3,Wednesday,PlannedBusinessLongStay
1320,1,0,22,3,Thursday,PlannedBusinessLongStay
1321,1,0,22,5,Sunday,PlannedBusinessLongStay
1322,1,0,22,5,Monday,PlannedBusinessLongStay
1323,1,0,22,5,Tuesday,PlannedBusinessLongStay
1324,1,0,22,5,Wednesday,PlannedBusinessLongStay
1325,1,0,22,5,Thursday,PlannedBusinessLongStay
1326,1,0,400,3,Sunday,PlannedBusinessLongStay
1327,1,0,400,3,Monday,PlannedBusinessLongStay
1328,1,0,400,3,Tuesday,PlannedBusinessLongStay
1329,1,0,400,3,Wednesday,PlannedBusinessLongStay
1330,1,0,400,3,Thursday,PlannedBusinessLongStay
1331,1,0,400,5,Sunday,PlannedBusinessLongStay
1332,1,0,400,5,Monday,PlannedBusinessLongStay
1333,1,0,400,5,Tuesday,PlannedBusinessLongStay
1334,1,0,400,5,Wednesday,PlannedBusinessLongStay
1335,1,0,400,5,Thursday,PlannedBusinessLongStay
1336,1,0,22,3,Sunday,PlannedBusinessLongStay
1337,1,0,22,3,Monday,PlannedBusinessLongStay
1338,1,0,22,3,Tuesday,PlannedBusinessLongStay
1339,1,0,22,3,Wednesday,PlannedBusinessLongStay
1340,1,0,22,3,Thursday,PlannedBusinessLongStay
1341,1,0,22,5,Sunday,PlannedBusinessLongStay
1342,1,0,22,5,Monday,PlannedBusinessLongStay
1343,1,0,22,5,Tuesday,PlannedBusinessLongStay
1344,1,0,22,5,Wednesday,PlannedBusinessLongStay
1345,1,0,22,5,Thursday,PlannedBusinessLongStay
1346,1,0,400,3,Sunday,PlannedBusinessLongStay
1347,1,0,400,3,Monday,PlannedBusinessLongStay
1348,1,0,400,3,Tuesday,PlannedBusinessLongStay
1349,1,0,400,3,Wednesday,PlannedBusinessLongStay
1350,1,0,400,3,Thursday,PlannedBusinessLongStay
1351,1,0,400,5,Sunday,PlannedBusinessLongStay
1352,1,0,400,5,Monday,PlannedBusinessLongStay
1353,1,0,400,5,Tuesday,PlannedBusinessLongStay
1354,1,0,400,5,Wednesday,PlannedBusinessLongStay
1355,1,0,400,5,Thursday,PlannedBusinessLongStay
1356,1,0,22,3,Sunday,PlannedBusinessLongStay
1357,1,0,22,3,Monday,PlannedBusinessLongStay
1358,1,0,22,3,Tuesday,PlannedBusinessLongStay
1359,1,0,22,3,Wednesday,PlannedBusinessLongStay
1360,1,0,22,3,Thursday,PlannedBusinessLongStay
1361,1,0,22,5,Sunday,PlannedBusinessLongStay
1362,1,0,22,5,Monday,PlannedBusinessLongStay
1363,1,0,22,5,Tuesday,PlannedBusinessLongStay
1364,1,0,22,5,Wednesday,PlannedBusinessLongStay
1365,1,0,22,5,Thursday,PlannedBusinessLongStay
1366,1,0,400,3,Sunday,PlannedBusinessLongStay
1367,1,0,400,3,Monday,PlannedBusinessLongStay
1368,1,0,400,3,Tuesday,PlannedBusinessLongStay
1369,1,0,400,3,Wednesday,PlannedBusinessLongStay
1370,1,0,400,3,Thursday,PlannedBusinessLongStay
1371,1,0,400,5,Sunday,PlannedBusinessLongStay
1372,1,0,400,5,Monday,PlannedBusinessLongStay
1373,1,0,400,5,Tuesday,PlannedBusinessLongStay
1374,1,0,400,5,Wednesday,PlannedBusinessLongStay
1375,1,0,400,5,Thursday,PlannedBusinessLongStay
1376,1,0,1,1,Sunday,PersonalTimeOff
1377,1,0,1,1,Friday,PersonalTimeOff
1378,1,0,1,1,Saturday,PersonalTimeOff
1379,1,0,1,2,Sunday,PersonalTimeOff
1380,1,0,1,2,Friday,PersonalTimeOff
1381,1,0,1,2,Saturday,PersonalTimeOff
1382,1,0,400,1,Sunday,PersonalTimeOff
1383,1,0,400,1,Friday,PersonalTimeOff
1384,1,0,400,1,Saturday,PersonalTimeOff
1385,1,0,400,2,Sunday,PersonalTimeOff
1386,1,0,400,2,Friday,PersonalTimeOff
1387,1,0,400,2,Saturday,PersonalTimeOff
1388,1,0,1,1,Sunday,PersonalTimeOff
1389,1,0,1,1,Friday,PersonalTimeOff
1390,1,0,1,1,Saturday,PersonalTimeOff
1391,1,0,1,2,Sunday,PersonalTimeOff
1392,1,0,1,2,Friday,PersonalTimeOff
1393,1,0,1,2,Saturday,PersonalTimeOff
1394,1,0,400,1,Sunday,PersonalTimeOff
1395,1,0,400,1,Friday,PersonalTimeOff
1396,1,0,400,1,Saturday,PersonalTimeOff
1397,1,0,400,2,Sunday,PersonalTimeOff
1398,1,0,400,2,Friday,PersonalTimeOff
1399,1,0,400,2,Saturday,PersonalTimeOff
1400,1,0,1,1,Sunday,PersonalTimeOff
1401,1,0,1,1,Friday,PersonalTimeOff
1402,1,0,1,1,Saturday,PersonalTimeOff
1403,1,0,1,2,Sunday,PersonalTimeOff
1404,1,0,1,2,Friday,PersonalTimeOff
1405,1,0,1,2,Saturday,PersonalTimeOff
1406,1,0,400,1,Sunday,PersonalTimeOff
1407,1,0,400,1,Friday,PersonalTimeOff
1408,1,0,400,1,Saturday,PersonalTimeOff
1409,1,0,400,2,Sunday,PersonalTimeOff
1410,1,0,400,2,Friday,PersonalTimeOff
1411,1,0,400,2,Saturday,PersonalTimeOff
1412,1,0,1,1,Sunday,PersonalTimeOff
1413,1,0,1,1,Friday,PersonalTimeOff
1414,1,0,1,1,Saturday,PersonalTimeOff
1415,1,0,1,2,Sunday,PersonalTimeOff
1416,1,0,1,2,Friday,PersonalTimeOff
1417,1,0,1,2,Saturday,PersonalTimeOff
1418,1,0,400,1,Sunday,PersonalTimeOff
1419,1,0,400,1,Friday,PersonalTimeOff
1420,1,0,400,1,Saturday,PersonalTimeOff
1421,1,0,400,2,Sunday,PersonalTimeOff
1422,1,0,400,2,Friday,PersonalTimeOff
1423,1,0,400,2,Saturday,PersonalTimeOff
1424,1,0,1,3,Friday,PrivateVacation
1425,1,0,1,3,Saturday,PrivateVacation
1426,1,0,1,5,Friday,PrivateVacation
1427,1,0,1,5,Saturday,PrivateVacation
1428,1,0,400,3,Friday,PrivateVacation
1429,1,0,400,3,Saturday,PrivateVacation
1430,1,0,400,5,Friday,PrivateVacation
1431,1,0,400,5,Saturday,PrivateVacation
1432,1,0,1,3,Friday,PrivateVacation
1433,1,0,1,3,Saturday,PrivateVacation
1434,1,0,1,5,Friday,PrivateVacation
1435,1,0,1,5,Saturday,PrivateVacation
1436,1,0,400,3,Friday,PrivateVacation
1437,1,0,400,3,Saturday,PrivateVacation
1438,1,0,400,5,Friday,PrivateVacation
1439,1,0,400,5,Saturday,PrivateVacation
1440,1,0,1,3,Friday,PrivateVacation
1441,1,0,1,3,Saturday,PrivateVacation
1442,1,0,1,5,Friday,PrivateVacation
1443,1,0,1,5,Saturday,PrivateVacation
1444,1,0,400,3,Friday,PrivateVacation
1445,1,0,400,3,Saturday,PrivateVacation
1446,1,0,400,5,Friday,PrivateVacation
1447,1,0,400,5,Saturday,PrivateVacation
1448,1,0,1,3,Friday,PrivateVacation
1449,1,0,1,3,Saturday,PrivateVacation
1450,1,0,1,5,Friday,PrivateVacation
1451,1,0,1,5,Saturday,PrivateVacation
1452,1,0,400,3,Friday,PrivateVacation
1453,1,0,400,3,Saturday,PrivateVacation
1454,1,0,400,5,Friday,PrivateVacation
1455,1,0,400,5,Saturday,PrivateVacation
1456,1,0,1,6,Sunday,PrivateVacation
1457,1,0,1,6,Monday,PrivateVacation
1458,1,0,1,6,Tuesday,PrivateVacation
1459,1,0,1,6,Wednesday,PrivateVacation
1460,1,0,1,6,Thursday,PrivateVacation
1461,1,0,1,6,Friday,PrivateVacation
1462,1,0,1,6,Saturday,PrivateVacation
1463,1,0,1,7,Sunday,PrivateVacation
1464,1,0,1,7,Monday,PrivateVacation
1465,1,0,1,7,Tuesday,PrivateVacation
1466,1,0,1,7,Wednesday,PrivateVacation
1467,1,0,1,7,Thursday,PrivateVacation
1468,1,0,1,7,Friday,PrivateVacation
1469,1,0,1,7,Saturday,PrivateVacation
1470,1,0,400,6,Sunday,PrivateVacation
1471,1,0,400,6,Monday,PrivateVacation
1472,1,0,400,6,Tuesday,PrivateVacation
1473,1,0,400,6,Wednesday,PrivateVacation
1474,1,0,400,6,Thursday,PrivateVacation
1475,1,0,400,6,Friday,PrivateVacation
1476,1,0,400,6,Saturday,PrivateVacation
1477,1,0,400,7,Sunday,PrivateVacation
1478,1,0,400,7,Monday,PrivateVacation
1479,1,0,400,7,Tuesday,PrivateVacation
1480,1,0,400,7,Wednesday,PrivateVacation
1481,1,0,400,7,Thursday,PrivateVacation
1482,1,0,400,7,Friday,PrivateVacation
1483,1,0,400,7,Saturday,PrivateVacation
1484,1,0,1,6,Sunday,PrivateVacation
1485,1,0,1,6,Monday,PrivateVacation
1486,1,0,1,6,Tuesday,PrivateVacation
1487,1,0,1,6,Wednesday,PrivateVacation
1488,1,0,1,6,Thursday,PrivateVacation
1489,1,0,1,6,Friday,PrivateVacation
1490,1,0,1,6,Saturday,PrivateVacation
1491,1,0,1,7,Sunday,PrivateVacation
1492,1,0,1,7,Monday,PrivateVacation
1493,1,0,1,7,Tuesday,PrivateVacation
1494,1,0,1,7,Wednesday,PrivateVacation
1495,1,0,1,7,Thursday,PrivateVacation
1496,1,0,1,7,Friday,PrivateVacation
1497,1,0,1,7,Saturday,PrivateVacation
1498,1,0,400,6,Sunday,PrivateVacation
1499,1,0,400,6,Monday,PrivateVacation
1500,1,0,400,6,Tuesday,PrivateVacation
1501,1,0,400,6,Wednesday,PrivateVacation
1502,1,0,400,6,Thursday,PrivateVacation
1503,1,0,400,6,Friday,PrivateVacation
1504,1,0,400,6,Saturday,PrivateVacation
1505,1,0,400,7,Sunday,PrivateVacation
1506,1,0,400,7,Monday,PrivateVacation
1507,1,0,400,7,Tuesday,PrivateVacation
1508,1,0,400,7,Wednesday,PrivateVacation
1509,1,0,400,7,Thursday,PrivateVacation
1510,1,0,400,7,Friday,PrivateVacation
1511,1,0,400,7,Saturday,PrivateVacation
1512,1,0,1,6,Sunday,PrivateVacation
1513,1,0,1,6,Monday,PrivateVacation
1514,1,0,1,6,Tuesday,PrivateVacation
1515,1,0,1,6,Wednesday,PrivateVacation
1516,1,0,1,6,Thursday,PrivateVacation
1517,1,0,1,6,Friday,PrivateVacation
1518,1,0,1,6,Saturday,PrivateVacation
1519,1,0,1,7,Sunday,PrivateVacation
1520,1,0,1,7,Monday,PrivateVacation
1521,1,0,1,7,Tuesday,PrivateVacation
1522,1,0,1,7,Wednesday,PrivateVacation
1523,1,0,1,7,Thursday,PrivateVacation
1524,1,0,1,7,Friday,PrivateVacation
1525,1,0,1,7,Saturday,PrivateVacation
1526,1,0,400,6,Sunday,PrivateVacation
1527,1,0,400,6,Monday,PrivateVacation
1528,1,0,400,6,Tuesday,PrivateVacation
1529,1,0,400,6,Wednesday,PrivateVacation
1530,1,0,400,6,Thursday,PrivateVacation
1531,1,0,400,6,Friday,PrivateVacation
1532,1,0,400,6,Saturday,PrivateVacation
1533,1,0,400,7,Sunday,PrivateVacation
1534,1,0,400,7,Monday,PrivateVacation
1535,1,0,400,7,Tuesday,PrivateVacation
1536,1,0,400,7,Wednesday,PrivateVacation
1537,1,0,400,7,Thursday,PrivateVacation
1538,1,0,400,7,Friday,PrivateVacation
1539,1,0,400,7,Saturday,PrivateVacation
1540,1,0,1,6,Sunday,PrivateVacation
1541,1,0,1,6,Monday,PrivateVacation
1542,1,0,1,6,Tuesday,PrivateVacation
1543,1,0,1,6,Wednesday,PrivateVacation
1544,1,0,1,6,Thursday,PrivateVacation
1545,1,0,1,6,Friday,PrivateVacation
1546,1,0,1,6,Saturday,PrivateVacation
1547,1,0,1,7,Sunday,PrivateVacation
1548,1,0,1,7,Monday,PrivateVacation
1549,1,0,1,7,Tuesday,PrivateVacation
1550,1,0,1,7,Wednesday,PrivateVacation
1551,1,0,1,7,Thursday,PrivateVacation
1552,1,0,1,7,Friday,PrivateVacation
1553,1,0,1,7,Saturday,PrivateVacation
1554,1,0,400,6,Sunday,PrivateVacation
1555,1,0,400,6,Monday,PrivateVacation
1556,1,0,400,6,Tuesday,PrivateVacation
1557,1,0,400,6,Wednesday,PrivateVacation
1558,1,0,400,6,Thursday,PrivateVacation
1559,1,0,400,6,Friday,PrivateVacation
1560,1,0,400,6,Saturday,PrivateVacation
1561,1,0,400,7,Sunday,PrivateVacation
1562,1,0,400,7,Monday,PrivateVacation
1563,1,0,400,7,Tuesday,PrivateVacation
1564,1,0,400,7,Wednesday,PrivateVacation
1565,1,0,400,7,Thursday,PrivateVacation
1566,1,0,400,7,Friday,PrivateVacation
1567,1,0,400,7,Saturday,PrivateVacation